date,mkt_ret_1d,mkt_close,mkt_vol_21d
2018-03-30,0.007243404246015404,132.93210197803026,0.008048192022732067
2018-04-02,0.009797874423989448,134.29905471577618,0.007810884998970369
2018-04-03,0.010398586766433187,135.87036959177473,0.006961538290160029
2018-04-04,0.007181430411197967,136.86845081945648,0.005774845233145079
2018-04-05,0.004234158992535985,137.52809718587994,0.005844617236648166
2018-04-06,-0.007859650984948513,136.37934540377276,0.006842743987799689
2018-04-09,-0.005887856001040743,135.4517826025664,0.0073886098913172014
2018-04-10,-0.007823080099364478,134.25147640527547,0.007988373902943841
2018-04-11,0.0023770193714006435,134.47966082692201,0.008053410116674197
2018-04-12,-0.001646131281878181,134.23492186551337,0.008266817590841885
2018-04-13,0.0020461859455087232,134.68049877938492,0.008181654085726882
2018-04-16,-0.004890860870417595,134.05136434092765,0.008440157136517324
2018-04-17,0.0005615369712163062,134.13098359576864,0.008501125990298793
2018-04-18,0.003699938737511259,134.86886156431945,0.008340267516384465
2018-04-19,-0.007115327550319861,134.01363013033125,0.008256267125921821
2018-04-20,-0.0051535642281860675,133.31509213675739,0.008069532673410262
2018-04-23,-0.0037411676208826353,132.84115688275682,0.007273228938385949
2018-04-24,-0.006473393428151355,132.02248414093037,0.006839601011970347
2018-04-25,-0.004422211565205631,131.53966032601946,0.006650562735159559
2018-04-26,0.0020824701184319195,132.0363320160617,0.0060431146368200355
2018-04-27,0.005801924416388726,133.1470396056664,0.006020157214771249
2018-04-30,0.0022529884373128375,133.6184234534233,0.005815773673395955
2018-05-01,0.00048639284209413275,133.81476688126156,0.005350295079969655
2018-05-02,0.005660905565058772,134.5418067667376,0.004945159268413917
2018-05-03,0.00923623157398902,136.26505552715216,0.005129675658792665
2018-05-04,0.003655867552278673,137.08681361413375,0.0051028423277984765
2018-05-07,0.01055468472912463,138.80054293687246,0.005405275617744868
2018-05-08,0.005445419111064484,139.73224413012375,0.0053471802967792565
2018-05-09,0.00014556825236788917,139.9111635996389,0.004990412603946822
2018-05-10,0.00193668145963312,140.0769522755552,0.00498516825817702
2018-05-11,-0.0015980328566826435,139.97058503538946,0.004983922738119529
2018-05-14,-0.015652284117106296,137.6300690198318,0.006150945194310288
2018-05-15,-0.011900377998847194,135.87995663111275,0.006609435491364338
2018-05-16,-0.01947455624366507,132.758087108055,0.00782580418516683
2018-05-17,-0.019372681191111605,129.77439553193096,0.008680816992666058
2018-05-18,-0.012857666936973959,127.78839193618035,0.008928037071215889
2018-05-21,-0.012707791147982962,125.86411468984006,0.009186944706986682
2018-05-22,-0.006472366750976673,124.94566871985732,0.009218696811754464
2018-05-23,-0.006421272857685543,123.93723178043051,0.009217730934699983
2018-05-24,-0.0010738835073393876,123.53052158579885,0.009221394646002414
2018-05-25,0.002022080794470182,123.66186241138013,0.009219782249806014
2018-05-28,0.0035948408357365912,124.1849540503352,0.009128073614037415
2018-05-29,-0.006207212191700825,123.29052272622052,0.009072182171859998
2018-05-30,-0.01006349393662908,121.88267734239344,0.00913917483688713
2018-05-31,-0.007017063812479989,121.09120432278036,0.008892595371646713
2018-06-01,0.002968045230992211,121.44718493945891,0.00850571725026954
2018-06-04,-0.010588398662580878,120.20661764639227,0.008365702626499567
2018-06-05,-0.006039437256539878,119.5151966910775,0.007517734235663983
2018-06-06,-0.017054649067113015,117.39675363351819,0.007368843645978574
2018-06-07,-0.01040589007265373,116.2014898652579,0.0071915542372696485
2018-06-08,-0.0075166408971040965,115.2757204690193,0.006836899254592318
2018-06-11,-0.016426664018145066,113.43264528865991,0.006878119969828887
2018-06-12,-0.010241717126778205,112.30391947935571,0.006715259666744547
2018-06-13,-0.018508153833045757,110.29579129493129,0.007019338056199011
2018-06-14,-0.02094924468613049,107.86106494035194,0.007135353079435761
2018-06-15,0.01410539656446811,109.33668654409321,0.0083624757782224
2018-06-18,0.020848410673725715,111.52570208902512,0.010297104609882868
2018-06-19,0.009480174125544832,112.39784590864325,0.010695576055729012
2018-06-20,0.00289873997059832,112.67676690784732,0.01081952077116264
2018-06-21,0.002274192591059304,112.7951730450132,0.010904727669512018
2018-06-22,0.008744331594658374,113.71585402635033,0.011241517281193037
2018-06-25,0.00700172227082028,114.29101723833217,0.011415608592048949
2018-06-26,0.004153572836820228,114.53949546241363,0.011433096571839125
2018-06-27,0.005054557926618433,115.0823020858325,0.011551645829643627
2018-06-28,0.004276583299141406,115.41645306587873,0.011520123606896129
2018-06-29,-0.002829511278623829,115.13312175466531,0.011465868536010232
2018-07-02,-0.000809392892991333,114.92819787572377,0.011416100426487488
2018-07-03,-0.0064556896070238,113.95516872754796,0.01129609590886936
2018-07-04,-0.001778595272815258,113.65001613439698,0.011254869987529297
2018-07-05,0.003253251964839014,113.95055406203987,0.010722762412563586
2018-07-06,-0.0010800316592310744,113.83362950099733,0.010489468716901172
2018-07-09,-0.007240469119911802,112.94054423714556,0.01048002488823609
2018-07-10,-0.011439720813512709,111.60412890600524,0.010145132867821491
2018-07-11,-0.01029449851529722,110.40196505246297,0.010147812640645702
2018-07-12,-0.012422389164276855,108.91398922242239,0.009667350720687966
2018-07-13,-0.017562061705361173,106.93763817471752,0.009316575005956163
2018-07-16,-0.018678193880135575,104.9101007440558,0.009660447456105406
2018-07-17,-0.012020627645817869,103.56958305125124,0.008526767853773973
2018-07-18,-0.003902294039134646,103.15057415943966,0.008062997722348786
2018-07-19,-0.0006167088820256511,103.06815056154515,0.00796421466063344
2018-07-20,0.0011884169624990415,103.18807690289519,0.00792866560166081
2018-07-23,0.003929949117739806,103.56000738799713,0.007620600034926418
2018-07-24,-0.0011480961538544343,103.38837891100171,0.007245168542658011
2018-07-25,0.012228023626398984,104.6365077707042,0.007891372519085265
2018-07-26,0.018394812754623995,106.53274244627373,0.009081194627062006
2018-07-27,0.01967038735553751,108.64594506328127,0.010251873583549344
2018-07-30,0.015274635443607862,110.27080791034113,0.010948202318603072
2018-07-31,0.00911505192863304,111.27907164481893,0.011191031304009466
2018-08-01,0.011359018606925063,112.61877939403894,0.011431631852419553
2018-08-02,0.015025194821504306,114.40452802586732,0.011892906989145368
2018-08-03,0.009618951567849029,115.52506835729234,0.01204353342075103
2018-08-06,0.009245504805275863,116.71591157850588,0.012167770606685512
2018-08-07,0.014972156150052235,118.56459545458739,0.012341912290040157
2018-08-08,0.014085103211553922,120.2677571741541,0.01215873667136966
2018-08-09,0.010775246904406087,121.59666602655288,0.01181153644194631
2018-08-10,0.012465628069203904,123.23074532379246,0.01124339532602881
2018-08-13,0.012769028661353538,124.87217231055922,0.009956334484022056
2018-08-14,0.008834421165875949,125.96312804805153,0.00797757055088598
2018-08-15,0.013363261483231957,127.68471027232123,0.006473110972202671
2018-08-16,0.002800971582182472,128.03538797051343,0.005901592894411544
2018-08-17,0.0032453786226910183,128.4742834573907,0.005601533545776423
2018-08-20,-0.0009218296596142411,128.4401723689367,0.005789747502164498
2018-08-21,0.005162695252445036,129.35809099429972,0.00572846430655431
2018-08-22,0.000654110923153406,129.47288294774276,0.005559359546548334
2018-08-23,-0.0010763879320274882,129.54826041771688,0.006073442884165574
2018-08-24,0.0012136387971079055,129.59220056019737,0.0060081212518475
2018-08-27,0.008387508550902152,130.6143028486533,0.00548159651952227
2018-08-28,0.011061069070845218,131.9427164726764,0.005291129013564197
2018-08-29,0.008686598252588012,133.31626389477825,0.00528824089039014
2018-08-30,0.007321512689175164,134.329829276002,0.005239962496761205
2018-08-31,0.008923868855657985,135.47758716255694,0.004993452530342831
2018-09-03,0.005030212643471448,136.36708960307527,0.005005423586687087
2018-09-04,0.008469823772582838,137.73611029731902,0.004994564374366843
2018-09-05,-0.0011886864458317957,137.6126392369946,0.0050208212372921885
2018-09-06,-0.004112079020841078,137.20926886648505,0.005242433173843628
2018-09-07,0.0017428852230996297,137.39542727917268,0.005184308281025605
2018-09-10,0.0034106636962555037,138.0856790823348,0.0049354968475103815
2018-09-11,0.013567263959006592,140.09221664149734,0.005001426271035243
2018-09-12,0.0023284719341890754,140.43666424193043,0.004951978515003019
2018-09-13,0.00646888619265579,141.41549506984188,0.004559836607311752
2018-09-14,0.0014970492071780164,141.68468602318416,0.00459064014128923
2018-09-17,-0.0033065541130088676,141.45631898767587,0.004878094579506211
2018-09-18,-0.004483583119785954,140.95085113185795,0.005112868027793985
2018-09-19,-0.009637333142216339,139.40602682630853,0.0058781162869549425
2018-09-20,-0.004567872299028553,138.70578535194116,0.006092988721762846
2018-09-21,-0.00219502361643093,138.37300700143163,0.006133735979063314
2018-09-24,-0.006725328134065795,137.13022187468076,0.0064712093706657476
2018-09-25,-0.010052556780113502,135.60168097862154,0.006859465489443669
2018-09-26,-0.035296473097535336,130.55587713458664,0.010258024474447142
2018-09-27,-0.0393570500476283,125.2348366652135,0.013045207039506606
2018-09-28,-0.028846100707873506,121.495900271026,0.013974320005704328
2018-10-01,-0.019496165871370014,119.22097156684357,0.013966907437800881
2018-10-02,-0.019442814972950518,116.89734447423263,0.01401832068139589
2018-10-03,-0.014001773091304473,115.33262172037138,0.013614133094336038
2018-10-04,-0.013424145648364768,113.78472825528446,0.01355757272701981
2018-10-05,-0.01796495659790094,111.74410075196772,0.013652008717751707
2018-10-08,-0.015517113496664044,110.22071789477741,0.013458639528040472
2018-10-09,-0.019389774938619635,108.15142108457854,0.013211687424913965
2018-10-10,-0.011736835823012636,107.07110241810044,0.011908327040160342
2018-10-11,-0.016885299552381716,105.30462057352939,0.011430417894471849
2018-10-12,-0.012635272132719902,104.13137983852516,0.010478870933288755
2018-10-15,-0.016205131363298996,102.64961113965605,0.00982333784730185
2018-10-16,-0.014259428633294838,101.34860498713094,0.009438287195861142
2018-10-17,-0.016261131834433493,99.83799366533493,0.009074173279864775
2018-10-18,-0.012521976337337813,98.79935304581183,0.00898849153377708
2018-10-19,-0.008210849420860868,98.22310853858126,0.008779134533284397
2018-10-22,-0.011759484765178562,97.0769437219708,0.008220013956072095
2018-10-23,-0.01139359077365927,96.19501091010422,0.0079839482435052
2018-10-24,-0.008345661258702222,95.64744907216924,0.00807033254853134
2018-10-25,-0.0016371282354307973,95.48238061412087,0.007645224360364937
2018-10-26,-0.0049938107185688455,95.15651696902133,0.005772301058716494
2018-10-29,-0.008975216580285746,94.23921919395424,0.004765424989248227
2018-10-30,-0.010345445567212876,93.50315654289324,0.004565291561570467
2018-10-31,-0.006198181781494041,93.12948548943797,0.004496064915191377
2018-11-01,-0.004979289250205374,92.86669113244295,0.004723705457003287
2018-11-02,-0.0020220130430775,92.6039717550483,0.0051406733138707065
2018-11-05,0.006747064132201173,93.21740620339824,0.006200042835532655
2018-11-06,0.0018881083145431737,93.62214644591107,0.006561904035702088
2018-11-07,-0.0019577657851162183,93.53137483757816,0.006285726251601977
2018-11-08,-0.005844766134355199,92.93937620370646,0.0062524630152269445
2018-11-09,-0.0003429145239502449,92.94410417883148,0.006109913563393717
2018-11-12,-6.560079529491427e-06,92.89807312442326,0.006164786499768337
2018-11-13,0.0014435772719436936,93.1078978308416,0.005983567863985213
2018-11-14,0.0041781713310985675,93.42394570171945,0.0060194424095816445
2018-11-15,0.008061341616868192,93.9179322058085,0.006050914081602759
2018-11-16,0.0068209709064143975,94.52678385045432,0.006109121223187151
2018-11-19,0.009724004728964118,95.44195008961007,0.006546376547497784
2018-11-20,0.01943910522763084,97.03111028446163,0.007645303973242188
2018-11-21,0.02486441268947523,99.41971389240705,0.009013925332162132
2018-11-22,0.018718406668835747,101.23343750170001,0.009486669516634917
2018-11-23,0.012179647045664396,102.20194958003005,0.009655794405630408
2018-11-26,0.01553767786209683,103.59765729791361,0.009816693544881338
2018-11-27,0.017648783223865275,105.45377543784844,0.009744297998394961
2018-11-28,0.016703814512524885,107.11451384403728,0.009323339371949364
2018-11-29,0.010325109076436944,108.2338054826082,0.008857976535287762
2018-11-30,0.013282867398601031,109.56394419791455,0.00845065985481992
2018-12-03,0.013386531789903835,111.0146067704917,0.00816015598309947
2018-12-04,0.005222001983727978,111.33196776368163,0.008189631512169624
2018-12-05,0.0015011168039416863,111.35397066823346,0.008207107155832902
2018-12-06,0.005096231314054451,111.82257678425532,0.007869760946615763
2018-12-07,0.00926276521170284,112.74792494936322,0.007052070440485187
2018-12-10,-0.006767928879106003,111.92183823982394,0.007644345201241935
2018-12-11,-0.0011633067515628398,111.76747446256893,0.007722605098560385
2018-12-12,0.0018749945866827565,111.8795830399752,0.00769984866460188
2018-12-13,-0.0017074801124748872,111.57235435430003,0.00801553235323273
2018-12-14,0.010071101273503956,112.79868806507432,0.008009186712825663
2018-12-17,-0.002825396492153473,112.52050340798796,0.008442643124355383
2018-12-18,-0.0017594471744088527,112.15678523186153,0.008769883092780574
2018-12-19,-0.007284817552282135,111.20862197304689,0.009054807745997305
2018-12-20,-0.006952037839123861,110.54712040754636,0.00862793753261629
2018-12-21,-0.002498401506024568,110.34993333341303,0.008277925890334891
2018-12-24,-0.007594386893793558,109.55595068430331,0.008519541690739589
2018-12-25,-0.005932100141176549,108.82081299524039,0.008336161613107334
2018-12-26,-0.0037759780396577364,108.34619971954966,0.007723195391734802
2018-12-27,-0.0023695581832563163,107.98873120682362,0.006971733667007904
2018-12-28,-0.0024155905609181856,107.48893261589664,0.006660063554164995
2018-12-31,0.0051083411297335535,107.99199994521263,0.006077769288986713
2019-01-01,0.003237606739877734,108.29409493384759,0.005308913488161719
2019-01-02,0.006453639474114866,108.94083761943698,0.005382231483902046
2019-01-03,-0.012446810418225374,107.56093030329437,0.005953591161393019
2019-01-04,-0.012150932476790109,106.2291447653741,0.006230382104725329
2019-01-07,-0.016870783631823035,104.40598672678264,0.006476990734988389
2019-01-08,-0.005378485097304433,103.9095018865792,0.006446034673023783
2019-01-09,-0.006509946043331973,103.24855882453683,0.006468737330319043
2019-01-10,0.0005534488087014598,103.28952562490012,0.006420946919358128
2019-01-11,-0.007220742097446731,102.55189539895379,0.006457522260034477
2019-01-14,0.0032681738853102982,102.83747301293658,0.0058742755785374
2019-01-15,0.0003468450903868139,102.92290321308458,0.0059480694145776945
2019-01-16,2.461076464169594e-05,103.05885068096313,0.005992951030211863
2019-01-17,-0.0014836633519854144,102.8394562333749,0.0059592953545687145
2019-01-18,0.005880286894292246,103.48440378155767,0.006244391355992504
2019-01-21,0.002410164805426345,103.70433941323672,0.0063527414605933025
2019-01-22,0.011004109783379077,104.81940378966321,0.0069094726449687935
2019-01-23,0.004662548786492373,105.22910341649252,0.006980805934533545
2019-01-24,0.002641530577701066,105.47058875600374,0.007008226817962817
2019-01-25,0.0013515512435889132,105.70034175049919,0.007019223761308609
2019-01-28,-0.005897423795068024,105.2396862485959,0.007099094726780912
2019-01-29,-0.0028700484460232683,105.08049729674606,0.0069680875743848335
2019-01-30,-0.04843828943691628,99.56521684590906,0.012322769395859332
2019-01-31,-0.04486862051990664,95.27950942206401,0.014981366033286033
2019-02-01,-0.04980720822462881,91.01765540462712,0.017717996550410467
2019-02-04,-0.05222660598891237,86.58316775941732,0.020168871923176887
2019-02-05,-0.04726752726028403,83.06192735528302,0.021719789294619585
2019-02-06,-0.05822062627044164,78.60443012580046,0.02393302191156526
2019-02-07,-0.008425916705484628,78.14623592068521,0.023906932681004227
2019-02-08,-0.004703103946815726,77.76042920925006,0.023773777744651826
2019-02-11,-0.010395694784994703,77.16264466743355,0.023736719406183576
2019-02-12,-0.01358915082311773,76.38717346875306,0.02339082190429214
2019-02-13,-0.01493040136540813,75.54788857345251,0.023118052670176515
2019-02-14,-0.01140783606281784,74.94946718782879,0.022855950217852992
2019-02-15,-0.001887985189621308,74.87078657547526,0.022842831346468816
2019-02-18,-0.010837834258198975,74.24505395784136,0.02230806831817782
2019-02-19,-0.010906594394243014,73.51636672950066,0.021904823510576522
2019-02-20,-0.005753574999840114,73.09457140111441,0.021087143325283275
2019-02-21,-0.01226660554087555,72.4473119510743,0.020461604703471165
2019-02-22,-0.008418249486755234,71.9055383247252,0.019998757575800868
2019-02-25,-0.016334869296276314,70.98840332943776,0.019414784593238324
2019-02-26,-0.014473528438144293,70.24976298226478,0.019171521159808382
2019-02-27,-0.01306655867878134,69.62197768213382,0.01880613045427438
2019-02-28,-0.018495242222291514,68.64158081625821,0.017795022196316807
2019-03-01,-0.013035640006916161,68.16866479553248,0.016941325217157337
2019-03-04,-0.009661433110286978,67.70446496005917,0.015478696856876329
2019-03-05,-0.00841172327189079,67.4773495511845,0.013285949835561217
2019-03-06,-0.007473184280609679,67.18437281971974,0.011092491799526361
2019-03-07,-0.0038867254503192603,67.0526066902486,0.004224098660211563
2019-03-08,0.003984090284674407,67.48531876423978,0.005255884435664357
2019-03-11,0.007568688222633683,68.18499908680717,0.006407751528804955
2019-03-12,0.005623359187805831,68.45906728034537,0.007169381902539609
2019-03-13,0.016866438686830302,69.77472211427956,0.008941351219954824
2019-03-14,-0.0010860956823692033,70.07105694372046,0.008837935759394306
2019-03-15,-0.0008971497134760763,70.12770922066822,0.008834830116800552
2019-03-18,-0.0060558521281439265,69.8442227532487,0.008788065531942628
2019-03-19,-0.012866782105527696,69.1766396621338,0.008854256535037441
2019-03-20,-0.009192860699624168,68.64790299679619,0.008815992179597347
2019-03-21,0.0002616666630014331,68.92437082356226,0.0089236288442477
2019-03-22,0.0071749416687178534,69.77016006311457,0.009220261452612932
2019-03-25,0.009482859296369389,70.37531869497417,0.009689553404960647
2019-03-26,0.002832304078348963,70.31527599990035,0.009366806905550622
2019-03-27,-0.00732995728629107,69.40024082048863,0.009057175123367293
2019-03-28,-0.00044161994298448116,69.6991817347156,0.008751723628390691
2019-03-29,-0.001040397702687033,69.77889507655384,0.007909571527934253
2019-04-01,0.0050321426553515255,70.05447714047162,0.00754500751372758
2019-04-02,0.006449351586081613,70.37262579613419,0.007379148638842908
2019-04-03,-0.001580218931395044,69.91818102188815,0.0071213218076416245
2019-04-04,0.006381690000930632,70.22715600633892,0.0069723980456264335
2019-04-05,0.011100192056459396,70.87864629834485,0.007179002219029378
2019-04-08,0.007571682492943895,71.70991336972983,0.007270366005275718
2019-04-09,0.0030975839630433353,71.93960350330548,0.007169547295576997
2019-04-10,0.02285411900019378,72.9185334468882,0.008475516857874345
2019-04-11,0.01680948351227803,74.12302718479327,0.008470795381566254
2019-04-12,0.009968990770561148,74.94965645911172,0.008561005131385165
2019-04-15,0.0185465780208224,76.03774955622858,0.009116132389735503
2019-04-16,0.017038297080100365,77.35384904696969,0.009204447668624294
2019-04-17,0.014263556730550395,78.6524735843734,0.008388992425670115
2019-04-18,0.027150305667319463,80.62795487571294,0.008703887186513342
2019-04-19,0.018650202456590326,82.12105544244248,0.00877281365545856
2019-04-22,0.016489037065627914,83.46720744777333,0.008897817024448676
2019-04-23,0.013721908472381562,84.73841902841015,0.008941047977144711
2019-04-24,0.015764918608061715,86.06215520371615,0.008876203141362568
2019-04-25,0.01136480716061746,87.00248152473915,0.007880169451028424
2019-04-26,0.002845876261070392,87.44846754632567,0.007663030617896125
2019-04-29,0.009400381587690028,88.55744037582507,0.007125384419803769
2019-04-30,0.0052870645127877924,89.46676983391167,0.007113048142050083
2019-05-01,0.004608097381221333,90.13722629700231,0.0071964725798178975
2019-05-02,0.002776869578439252,90.68092808002207,0.006840322594606757
2019-05-03,0.0033307560498171945,91.16675811818654,0.007000071651217446
2019-05-06,0.0048791427923739914,92.0215368098999,0.007170961220772187
2019-05-07,0.005754410265937177,92.74739980389528,0.007234390166187223
2019-05-08,0.005258167610258966,93.58766899798438,0.0071211910119946
2019-05-09,0.0022242115184609034,94.04854066410935,0.0069333453784431055
2019-05-10,0.008218096906293841,94.76903934819624,0.0068114511476918575
2019-05-13,0.011495791172925802,95.73792627728575,0.006815226066838908
2019-05-14,0.004210070543184548,96.37934527344532,0.006678397801693235
2019-05-15,-0.002025651355136104,96.75839111818026,0.006929024140347039
2019-05-16,-0.006213504198372104,96.47300928952943,0.007541578197569277
2019-05-17,-0.007095567658715391,96.12149660716635,0.006832428609878149
2019-05-20,-0.0010655602126452208,96.08112271288707,0.006380875408366588
2019-05-21,-0.02321707196393291,94.428527239231,0.0084468869843216
2019-05-22,-0.02048106336462918,93.2664269030302,0.009579811919587393
2019-05-23,-0.02146024122440791,91.68492139317836,0.010280536533387471
2019-05-24,-0.0265323240953334,89.62158571113754,0.01144671801498378
2019-05-27,-0.01952603967195389,88.24091136915484,0.012019437509580644
2019-05-28,-0.02772514472524143,86.21950349986462,0.012828210163332715
2019-05-29,-0.015311599605695144,84.99628476559984,0.012819256216772115
2019-05-30,-0.019087339999498666,83.48611573842778,0.012916965577457256
2019-05-31,-0.02128457283387995,81.93720106686916,0.013096262419409865
2019-06-03,-0.025107836849425913,80.43199275439785,0.013346109836046009
2019-06-04,-0.004712039494989114,80.4465611224547,0.012998260825430468
2019-06-05,-3.176040855845634e-05,80.5432278515824,0.012712485685568679
2019-06-06,-0.0014480030524133593,80.50281776640492,0.012390857792841456
2019-06-07,0.007026498321026318,81.03608384391552,0.012674510704092427
2019-06-10,0.0003762901687221617,81.13485239364915,0.012216132142580001
2019-06-11,-0.0031278851127468903,81.06493200448057,0.011284535541512543
2019-06-12,-0.00028512586403103444,80.79644501881576,0.01101839123778164
2019-06-13,0.006998516727376724,81.17037986966638,0.011562727158488544
2019-06-14,-0.005500475961052167,80.88357496854555,0.011578273898237585
2019-06-17,-0.009880873801204665,80.14617465874191,0.011548601723721108
2019-06-18,-0.016303733467962593,79.16106808370033,0.01136931510156731
2019-06-19,-0.022380205214387387,77.94145114954266,0.011328482854272875
2019-06-20,-0.008095678165588144,77.10443229531582,0.011169982312027413
2019-06-21,-0.010321011847280018,76.68367437145851,0.010915703015041451
2019-06-24,-0.0006262827498839459,76.84491829610572,0.010478290134119125
2019-06-25,0.004892669300364077,77.28580363787772,0.010646147583935018
2019-06-26,0.016472147771723393,78.21124896212861,0.010954817969667081
2019-06-27,0.012009871373565411,78.96355258544331,0.011416627366009452
2019-06-28,0.014238038023150221,79.80379681852797,0.01164260601437381
2019-07-01,0.017018207283860696,80.84842185305205,0.011667201067573869
2019-07-02,0.021691648169453192,81.93802414601542,0.011372367196193077
2019-07-03,0.017389100213253596,83.07939248975751,0.011844031744031425
2019-07-04,0.010557140253009217,83.25877391342492,0.011981826060540565
2019-07-05,0.01327767416385619,84.01237241827506,0.012173848763004182
2019-07-08,0.012277137546795193,84.56481059113288,0.012311332653848064
2019-07-09,-0.0017243665668617814,84.32013246423448,0.012345322602156013
2019-07-10,-0.0018803676410730416,83.5877075928967,0.012315985859531217
2019-07-11,0.00642752534897709,84.1882345599074,0.012304709930943198
2019-07-12,0.008191384470339775,84.58783461238042,0.01232370571984722
2019-07-15,0.006370740482527765,84.81209859385093,0.012151572720185562
2019-07-16,0.01052556006422222,85.38288690437606,0.011773708220417636
2019-07-17,0.0017038205322091272,85.52369917873182,0.01073636565376288
2019-07-18,0.011269714631332918,86.04636432176459,0.008565477638340811
2019-07-19,0.012192513935192903,86.58542508945861,0.007805431200894789
2019-07-22,0.015468348651437992,87.65680782604555,0.006605568983433368
2019-07-23,0.0019021372926399567,87.56905618570362,0.006424825209786348
2019-07-24,0.004937882301671531,87.89670192231297,0.00642303092589519
2019-07-25,0.00997011801408273,88.87158554107127,0.006250604581028409
2019-07-26,0.0033829927413380756,89.25865887612815,0.006373852037231486
2019-07-29,-8.403251156850278e-05,88.89114494392783,0.006581313475365878
2019-07-30,-0.004820845931457342,88.26438286441021,0.006904223082111908
2019-07-31,0.0037358056027241883,88.44511151475236,0.006137542376221947
2019-08-01,0.011414557246053595,89.14043027630163,0.005743994548816561
2019-08-02,0.015594782785848027,89.8710061452823,0.006023244801980244
2019-08-05,0.017733987245033746,90.54718285560155,0.00633785290137499
2019-08-06,0.025244099859941155,92.00156747852172,0.007427438293178514
2019-08-07,0.040562385501189034,94.85925607490009,0.010064768480353615
2019-08-08,0.03633270859959863,97.5937185284253,0.01128204076883067
2019-08-09,0.027698089790996094,99.6844364315795,0.01176386149131367
2019-08-12,0.02315817462289084,101.52747674947356,0.01195127094201021
2019-08-13,0.022068668127450248,103.18473150113768,0.012002672170587021
2019-08-14,0.021435251472622527,104.8854778493443,0.012089233368654067
2019-08-15,0.02518033725856551,107.11388348192274,0.011948054387692876
2019-08-16,0.020090090708040572,108.85299866612048,0.011948915781024494
2019-08-19,0.013922309313497102,109.81612441116465,0.01192826628104208
2019-08-20,0.01449328007176387,111.12355619000773,0.011932127729536302
2019-08-21,0.004359102153989133,111.25203314839337,0.011799291916572648
2019-08-22,-0.004159965284190846,110.7182010679009,0.01237928331351687
2019-08-23,0.006230317754267464,111.28275088019836,0.012490516126974669
2019-08-26,0.008146677303813238,112.07464400060233,0.0123030553257597
2019-08-27,0.01570806082126887,113.7303690798744,0.011765083641255216
2019-08-28,0.01899694973924493,115.7722414804983,0.010719998367923936
2019-08-29,0.012979707220426788,117.17228370875971,0.010307487350488689
2019-08-30,0.019883608106031115,119.5175127353184,0.010203685698922823
2019-09-02,0.01820486559962115,121.63133394411501,0.010184136574369871
2019-09-03,0.01773350932013847,123.60779050075855,0.010184138346446641
2019-09-04,0.005987209122623636,124.31575006982035,0.010409939946691756
2019-09-05,0.008741497579852132,125.19692486849017,0.009133830976213382
2019-09-06,0.01789937664721829,127.43065800706863,0.00788871184241159
2019-09-09,0.008522241400112124,128.67509605987217,0.007465610249401596
2019-09-10,0.012186188092985231,130.07262155788763,0.007191050123855135
2019-09-11,0.01404066722421173,132.16643053800098,0.006935170173550055
2019-09-12,0.017669672797533023,134.5056749101707,0.006762498480321567
2019-09-13,0.016347515368151485,136.5748518762709,0.006232846978209525
2019-09-16,0.0036344692822677088,137.19862400974924,0.006299420321244064
2019-09-17,0.0013501430870683998,137.64390161263154,0.00669061071651494
2019-09-18,0.007959900909795073,138.53433466068037,0.006690447972776931
2019-09-19,-0.004954748620845811,137.89156457747052,0.007425714176160977
2019-09-20,-0.002216634700729759,137.70924114305384,0.007242100318711203
2019-09-23,0.0140406545204206,139.55428936227096,0.007200611759913489
2019-09-24,0.010668680796517324,141.147806039608,0.007170057575511906
2019-09-25,0.020417726315624475,144.24699539704844,0.007388165606942851
2019-09-26,0.007031875307556424,145.5705824153547,0.00723546586369237
2019-09-27,0.0054715751127584235,146.29062229154317,0.007310764733862351
2019-09-30,0.015447430842014777,148.6921063317606,0.007086903978359485
2019-10-01,0.01948404763859685,151.70641849226908,0.007163379878992047
2019-10-02,0.01876742075215857,154.60630717124334,0.007219954840303712
2019-10-03,0.011360196172217901,156.17961545952355,0.007150454208079389
2019-10-04,0.011175132975341938,157.7953123287049,0.007137507606439929
2019-10-07,0.010140934270028093,159.61858354810627,0.006948670095327373
2019-10-08,0.007679605848060818,160.97322423654535,0.006962516503618342
2019-10-09,0.010467252712645772,162.59889400047652,0.006950150647589452
2019-10-10,-0.017381246998452844,159.782540731877,0.00913889380886767
2019-10-11,-0.011167418946839626,157.71430964820834,0.009874615566902552
2019-10-14,-0.017035474672761966,154.64685302199527,0.010988992142120185
2019-10-15,-0.014747590662664201,152.52913735538365,0.011869141652049059
2019-10-16,-0.014594721626388021,150.24367747754343,0.012598562237643607
2019-10-17,-0.0162552441975567,147.82930333618958,0.013323673402244456
2019-10-18,-0.015449664443002853,145.73677166046937,0.013825830354296518
2019-10-21,-0.018284106693682103,143.21567760978508,0.014528836449409865
2019-10-22,-0.009360161750546664,141.77459259226157,0.014438016950486148
2019-10-23,-0.00742990468645039,140.70310412411172,0.014350541032385299
2019-10-24,-0.004343907361481549,140.25125170510879,0.013567420187804524
2019-10-25,-0.0061728457620910185,139.23070749993116,0.013463564088913487
2019-10-28,-0.00486443898762414,138.65299674912112,0.013364915489986586
2019-10-29,-0.005596616358989402,138.0407725888705,0.012725329486402554
2019-10-30,-0.0021612568615120807,137.52199456368018,0.011596705071750084
2019-10-31,0.011925329976418273,139.61043770699663,0.010989470765874929
2019-11-01,0.0016252964659497049,140.34480732032225,0.010463716767309299
2019-11-04,0.006275903003304876,141.085513841335,0.01012661873025025
2019-11-05,0.0015391261769779256,141.08871903702465,0.00962119368093112
2019-11-06,0.006602771597758093,141.73498700261644,0.00954740507509701
2019-11-07,-0.0018097539458553453,141.2149838323761,0.008836829528817636
2019-11-08,-0.0047920683079116675,140.48200605849442,0.00848934760776945
2019-11-11,0.008912741939979403,141.82995597257383,0.0089945887006239
2019-11-12,0.0010081084938918523,141.90902619209717,0.008647371853727659
2019-11-13,0.00027336800993521597,142.13959266980373,0.00834635001481096
2019-11-14,0.0005817451553029707,142.3135233226454,0.007984482141680578
2019-11-15,-0.008286868819654186,140.78647545366928,0.007484317726268616
2019-11-18,-0.00864145459217979,139.3441305273212,0.0070227154828139534
2019-11-19,-0.007683384833738525,138.1175134271487,0.00612028087046647
2019-11-20,-0.0017986912529573023,137.81997194239352,0.005854007408476957
2019-11-21,-0.0049646426916526605,137.65279532841166,0.005746190899383976
2019-11-22,-0.00023121025181225963,137.58891100185568,0.00569875112778976
2019-11-25,0.00601552613420244,138.52246756293658,0.00575203667497844
2019-11-26,0.011974067853049766,139.8472257958477,0.006235653074067372
2019-11-27,0.0013711711096091063,140.35487785891416,0.006077696177793115
2019-11-28,0.007873356682088271,141.17779824579614,0.006222306147177573
2019-11-29,0.005641916447834745,141.56175988453708,0.005825366664453133
2019-12-02,0.016927128748772193,143.98561732082308,0.006782775272799294
2019-12-03,0.012709975041672148,145.6971375315537,0.007133592901227122
2019-12-04,0.010832787247320895,147.1906838564354,0.007383675553200053
2019-12-05,0.014131697372864765,149.12014981541472,0.007765712376900611
2019-12-06,0.007069975767484779,150.09840253368503,0.007740479878397103
2019-12-09,0.0007263061298406066,150.0727120622884,0.007543837698835462
2019-12-10,0.009430250358621883,151.2155010392033,0.007563070070130097
2019-12-11,0.001711319566617172,151.6113329569214,0.00755271152916271
2019-12-12,0.004614671537629702,152.17782193386395,0.007516342305485831
2019-12-13,0.008266377386761834,153.49097646034068,0.00753835796848741
2019-12-16,0.00423970189003623,154.34382931544982,0.006977651697962
2019-12-17,0.009537643431328425,155.8478650766659,0.0063277071046714695
2019-12-18,0.014622949725609208,158.01187737010426,0.005832572368674837
2019-12-19,0.0106211423229213,160.08934318922388,0.005550574619024835
2019-12-20,0.00033346692628049933,160.05468939385386,0.005064789180560754
2019-12-23,0.0007264670582234582,160.15602623331776,0.004995114217139524
2019-12-24,0.0028658104554779777,160.39854922269583,0.005091101427911864
2019-12-25,-0.004455772580297632,159.5537885666578,0.0055967184540984425
2019-12-26,-0.004600654552266855,158.793668004656,0.006014825383039176
2019-12-27,-0.00877288710607413,157.1765575031906,0.006846546282913551
2019-12-30,-0.006781639996055521,156.19312446929558,0.007358535189914169
2019-12-31,-0.012124376588512543,154.1578651271884,0.007723618191584048
2020-01-01,-0.007816882329466967,152.8257168897645,0.007812107344247994
2020-01-02,-0.010394048067566,151.18181244439526,0.008066473839577636
2020-01-03,-0.004734221960768979,150.47928606220196,0.007642387766630185
2020-01-06,0.0022788543251059407,151.25744615377667,0.007513723661797412
2020-01-07,-0.0022287698330351042,150.75995640766735,0.0075367173301551914
2020-01-08,-0.0005261851604756613,150.36393807204345,0.007244405985340312
2020-01-09,-0.007600947868110823,149.142804564998,0.007409533419369298
2020-01-10,0.0005233134448253919,149.00255823765272,0.0073196891272884505
2020-01-13,0.0006911865053850138,148.5763259506176,0.007033530838886836
2020-01-14,0.004630878709709377,149.2836303231718,0.007048946240279067
2020-01-15,0.012780734319828515,151.19790509207837,0.007323932275341194
2020-01-16,0.009539242150734659,152.60364880074147,0.006852265460848615
2020-01-17,0.011615036375060776,154.4474062137244,0.006940802931773923
2020-01-20,0.008684943980503892,155.85073146682083,0.007261613575033168
2020-01-21,0.006341797033914377,157.21172930502118,0.007420262666548138
2020-01-22,0.01822487958859285,160.08904916621142,0.008451796746033722
2020-01-23,0.008005832529864733,161.44540205616465,0.008541785865339066
2020-01-24,0.005280447998610165,163.13765583080018,0.008498879948614271
2020-01-27,0.009148338664734927,164.58925101543326,0.008333418794446431
2020-01-28,0.009768199054197112,166.49484691919972,0.00822655823891139
2020-01-29,0.017246431266586704,169.70065056106966,0.008028733711937644
2020-01-30,0.01694386577835311,173.0371500248001,0.007969728864365769
2020-01-31,0.01680784874850495,176.1249561084355,0.007444723215378966
2020-02-03,0.019050927589642927,180.0902250338551,0.007406676119017101
2020-02-04,0.02131751617655253,184.36906470784993,0.007829365810298413
2020-02-05,0.024832896889793763,191.3540904058375,0.008132652785839318
2020-02-06,0.02743889474549915,197.75252892908284,0.008573409104616105
2020-02-07,0.014902257668193536,202.03314115370597,0.007393138997913638
2020-02-10,0.022072241324003886,207.52530141120715,0.007129610946821061
2020-02-11,0.02290652868693527,213.0015029192276,0.006759005625859453
2020-02-12,0.03087284252744983,221.68100003011523,0.007224832607201407
2020-02-13,0.025272664938916597,228.2038009430648,0.0074658925104875975
2020-02-14,0.0224579141876867,234.89779511372012,0.007396508901637758
2020-02-17,0.022584927609427655,240.852219382987,0.00737678670411822
2020-02-18,0.021641302758259647,247.70461054092718,0.007129187019613383
2020-02-19,0.021634489160373055,254.07065615774323,0.006615174090553678
2020-02-20,0.025605372630081873,262.7451876418317,0.0067677937607474835
2020-02-21,0.01685256736052065,269.6918519725967,0.00628629918833659
2020-02-24,0.010807630340595379,272.574255377463,0.0057426176354316546
2020-02-25,0.013128740819341683,279.1480685349102,0.0054230597418201305
2020-02-26,0.01193585647324657,280.95622875209096,0.005231885523287175
2020-02-27,0.025231125448684322,289.1259549995667,0.005288656911539343
2020-02-28,0.023767374441114514,297.17608268466876,0.00525709948424497
2020-03-02,0.021090185385155984,304.4898349255214,0.005168427803954185
2020-03-03,0.016984875780346975,311.5785540496833,0.005230863241617205
2020-03-04,0.005602948085882645,314.8115378784285,0.006228751889768707
2020-03-05,0.013801915629113433,320.21475960529824,0.006297702416209968
2020-03-06,0.016140598567407353,326.8420523619939,0.006095219019439197
2020-03-09,0.013744116604703012,333.96601138560425,0.006142056282265256
2020-03-10,0.012097438972869684,341.90093002094613,0.0062962098256563095
2020-03-11,0.016019596213829417,348.44353255008673,0.006249139224976302
2020-03-12,0.018532993675473834,356.34137225239164,0.005564428903750887
2020-03-13,0.008183066446420542,361.44382624865733,0.005673805729844992
2020-03-16,0.020263405166850813,374.23628409385054,0.005588603141400234
2020-03-17,0.022220705939838433,387.2188454845654,0.005570731228163472
2020-03-18,-0.0052462905668412595,385.44421819789403,0.0072636166720404655
2020-03-19,-0.0034877405708328194,385.8373803078953,0.008230998356324376
2020-03-20,0.006337012419711244,389.87976083409603,0.00799489518327159
2020-03-23,-0.002219757144030153,390.7827167071266,0.008654014670591069
2020-03-24,0.0014352961126306897,393.1331679226898,0.008987197195831784
2020-03-25,-0.010058132451104955,388.2460707075279,0.01020526590288295
2020-03-26,-0.005798999873098583,386.98518544945983,0.010843494209748492
2020-03-27,0.002852218822964814,387.7946580451459,0.010384545279554704
2020-03-30,-0.00209507937557402,388.25103860390436,0.010094520558455724
2020-03-31,0.009603385901331713,396.551363534044,0.009646687693000821
2020-04-01,-0.0002056485050832274,387.6836502136418,0.009519136622167993
2020-04-02,-0.0033728613662717018,385.40303842271584,0.00976257395613122
2020-04-03,-0.00163360022820676,386.6291932637614,0.009737176349686155
2020-04-06,-0.00022842192674528755,386.1405425750213,0.009485973451160593
2020-04-07,-0.006580369746464534,379.46188144374463,0.00954476899702189
2020-04-08,0.0062007235879087685,383.58902512887465,0.009368899741351456
2020-04-09,0.002980951507178606,385.6790818467635,0.008909289990401002
2020-04-10,0.0005353664781920326,386.6354118086417,0.008147917173135219
2020-04-13,0.010575874938925513,393.290588621067,0.00825633473713535
2020-04-14,0.0107508460273703,401.6100975164698,0.007423369566161967
2020-04-15,0.011053960907897729,405.31028741389963,0.0061613880421878915
2020-04-16,0.013122667006856938,413.0032289330673,0.00652085827344407
2020-04-17,0.008051449177648847,418.2193862888398,0.006530885157053886
2020-04-20,0.013899417445720952,423.5272952673404,0.006951292177138811
2020-04-21,0.01282778022786355,429.1233353990071,0.007179436167811662
2020-04-22,0.01117844003086886,432.57659923891055,0.007350762926453373
2020-04-23,0.012674253140565438,440.65725884921943,0.0068352555632442726
2020-04-24,0.004557625492210337,445.4443288631989,0.006369892946681487
2020-04-27,-0.006079667626511039,442.2049798151896,0.006840512229511349
2020-04-28,-0.014400740756948902,435.6603430706352,0.007930924803983127
2020-04-29,-0.005888630177522281,433.1387504631511,0.008154551053236396
2020-04-30,-0.0018950876985974923,430.8706508397215,0.008204334984571874
2020-05-01,-0.005484725544713024,428.3188963438694,0.008308039461210434
2020-05-04,-0.006441866722249311,423.82369271328497,0.008523793277808334
2020-05-05,-0.0022809143869201055,428.3217050615787,0.008579072496747692
2020-05-06,0.008907723740704887,431.71135740356164,0.008349631881948366
2020-05-07,-0.004924240805719729,429.23119230846584,0.008556074291425577
2020-05-08,0.009856672274361893,436.47430136752126,0.008665651799078425
2020-05-11,-0.0034544505585757516,436.1171577030988,0.008784600605000978
2020-05-12,-0.0029562764322464395,436.9337326212041,0.008747237088842468
2020-05-13,-0.003399558585717231,437.37912462354126,0.008665237915736666
2020-05-14,0.0034573205883511766,441.06406978496824,0.008438417540424178
2020-05-15,0.008367777431504657,444.96073551716245,0.00818410466127957
2020-05-18,-0.00028327418051191707,446.75529881907823,0.008064019740886514
2020-05-19,0.001561855775262212,447.3557301374108,0.007535731022104376
2020-05-20,0.004966727915416411,451.0657951026695,0.007088097412135174
2020-05-21,-0.005927596082035895,446.7873261111413,0.0067607836129892065
2020-05-22,-0.002378159194623039,443.8198427446376,0.006063807949825563
2020-05-25,-0.01116258350950381,434.08340752010025,0.006290262340231714
2020-05-26,-0.004924653839042594,432.0226951005256,0.006256823296849241
2020-05-27,-0.008071464583516862,425.2200513006739,0.005753846645344985
2020-05-28,-0.007967295969289839,424.0594642148626,0.0058494690740747935
2020-05-29,-0.010790406504408774,417.23317986482806,0.0061815359091522285
2020-06-01,0.008073524575711246,419.54881437274656,0.006505856103443226
2020-06-02,0.004300519691234692,422.7233624694715,0.0065133835292187445
2020-06-03,0.0023572618810124963,425.62287459663804,0.0065430061559767164
2020-06-04,0.004274521863692547,436.24523527499696,0.006276027492585362
2020-06-05,0.003293086541736019,433.4020673962991,0.006269127932677048
2020-06-08,0.026710622045276744,450.41883630703643,0.008384992635639351
2020-06-09,0.022566703168639457,461.6719859465402,0.009633937596938681
2020-06-10,0.019437707273487263,473.80674021338956,0.010327305347993032
2020-06-11,0.021839585285771203,497.61463513138034,0.01103908470043367
2020-06-12,0.01205805891267398,508.0269015392846,0.011184506856369078
2020-06-15,0.010810280916390433,517.530456116673,0.011242511691935908
2020-06-16,0.011577062482970657,527.6963236945966,0.01129741006906788
2020-06-17,0.020760365293491984,544.2573577804202,0.011781393458159345
2020-06-18,0.014044004053305519,553.1527006146604,0.011915046976063682
2020-06-19,0.004360482719913309,562.2361961097104,0.011597337004118757
2020-06-22,0.004784266423550516,564.4927637487759,0.011420285953690535
2020-06-23,0.008563540644884597,572.9684797607275,0.010630128368221732
2020-06-24,0.011641992783900932,578.8893804800608,0.010229979562026627
2020-06-25,0.007679033112892665,586.1675124133104,0.009481851134863334
2020-06-26,0.0020706441300315476,588.3780478582213,0.008782267350900904
2020-06-29,0.012588691583730298,597.5674700366568,0.007382674761628121
2020-06-30,-0.00025568831703056733,597.1187591999927,0.007768896726227278
2020-07-01,0.005038123692714522,603.4486965677206,0.007739958440504606
2020-07-02,-0.0002597263165052997,603.9223836169227,0.007901586143095343
2020-07-03,-0.0007438328579651904,603.0809101426242,0.00817509294762998
2020-07-06,-0.007920172099346789,590.152269227918,0.008988748825075922
2020-07-07,-0.015268530680611537,577.3999340575906,0.009697168320044
2020-07-08,-0.013340818116812597,560.004648450345,0.010133016351863615
2020-07-09,-0.018131184919207788,542.7752661728581,0.010955569244666211
2020-07-10,0.004366942167186917,545.9292289686249,0.010200430735393014
2020-07-13,0.00630773722176439,552.7899047081448,0.010036308964852662
2020-07-14,0.006365097568434838,561.9824683990254,0.009915478228715753
2020-07-15,0.013047218831252325,575.545249001022,0.009983586307117666
2020-07-16,0.010993731813753259,580.7824147815737,0.00932704822897592
2020-07-17,0.005257266663823485,580.1964515878311,0.00898167630588768
2020-07-20,-0.0031124313661679277,575.8246182461702,0.009041508720282766
2020-07-21,-0.00891062783857383,571.7043971970699,0.009312088431205868
2020-07-22,-0.0020573096591949354,572.3323323007404,0.009181782395977708
2020-07-23,-0.010960841823135559,565.2165917620791,0.009163610251444462
2020-07-24,-0.011869534317028153,547.1055857908206,0.009299635117100817
2020-07-27,0.00018515301045238472,539.7130411420311,0.009274777770065946
2020-07-28,-0.0032796028563177155,533.5208367003183,0.008710269398893652
2020-07-29,-0.01568272645781248,523.2545090737705,0.009182788450355516
2020-07-30,0.0019815406097603064,525.3406949642579,0.009074998001041298
2020-07-31,-0.004230327916032224,521.1451152974264,0.00905636043770834
2020-08-03,0.003004105757481291,521.8735193955348,0.009143501309048263
2020-08-04,-0.00346467429731459,519.7229432874968,0.009075360001663074
2020-08-05,-0.009780851348582394,508.65441530184313,0.008772334597552651
2020-08-06,-0.009013558546771756,499.87295186909523,0.008554014309930113
2020-08-07,-0.003666990114499065,496.1471834454464,0.007764168950455081
2020-08-10,0.006656612892949142,501.36019711202385,0.007868178848709757
2020-08-11,0.016113565234300773,510.70801726762915,0.008612623285009665
2020-08-12,0.009902723615449437,511.15099829383007,0.00879788196870797
2020-08-13,0.0011953939067753856,512.3004361366675,0.00821962743527667
2020-08-14,0.0001239183537128409,506.8139422113664,0.007723180562074142
2020-08-17,-0.0033438751372147405,500.42006461478076,0.0075461438165634305
2020-08-18,-0.0026750139519538135,494.91490753088465,0.007544656360649164
2020-08-19,0.0032712124168938843,491.93888829668634,0.007484708113529549
2020-08-20,-0.004837946217971942,487.3055478894239,0.007514210400336022
2020-08-21,0.0008065537555127581,488.7898885446982,0.007240264177999041
2020-08-24,0.002721126896587694,491.383221644636,0.006872255402221173
2020-08-25,-0.004099543089667864,487.8542787242977,0.006909186405293662
2020-08-26,0.00031890097393656014,488.60525297234517,0.0068910722077825766
2020-08-27,-0.0002202458324748131,488.9523863159572,0.005975367022032276
2020-08-28,-0.0006864645801447159,487.8271729353825,0.00596028425301754
2020-08-31,0.009333569851912757,493.1110386189859,0.006218601391034559
2020-09-01,0.008663159498996246,500.8989246076148,0.006448400206696092
2020-09-02,0.00927231420326081,505.9332745732665,0.006621468281720765
2020-09-03,0.010515561129925619,511.34202768967276,0.006379957678072871
2020-09-04,0.006609494470972389,517.0679295224269,0.005873575665384048
2020-09-07,0.00642394425662633,523.1025232919959,0.005698883189405567
2020-09-08,0.001683932174309861,520.6006608104772,0.005669728935955859
2020-09-09,0.0031232868375764516,523.4768262799231,0.004862828738002858
2020-09-10,-0.006178534802757883,518.8921491706683,0.004948352467214689
2020-09-11,-0.0035962511102910905,514.809897214053,0.005095638421892909
2020-09-14,0.008629565503311398,522.0347526910241,0.005292266757772963
2020-09-15,0.0037516135873732186,525.6833017898139,0.005146608955441706
2020-09-16,0.00925413517214556,534.446585889962,0.005203064739421495
2020-09-17,0.003954719776868058,537.7479069457448,0.005206432616138432
2020-09-18,0.000708893063419856,541.5056893740735,0.004915276993662422
2020-09-21,-0.006145905997549275,535.9994970990259,0.005315185388556679
2020-09-22,-0.004493757615246002,532.278838560223,0.005564784368724443
2020-09-23,-0.002119121312808055,527.080543758776,0.005459472485747813
2020-09-24,-0.001557622826628701,523.6386895694833,0.005517167026210246
2020-09-25,-0.004544949865507359,521.2552568467491,0.005709407509836728
2020-09-28,-0.007079556423553258,517.4422704211588,0.006048456863949541
2020-09-29,-0.002835699211840736,513.8491181926439,0.005912296246177932
2020-09-30,0.0031835403981199644,516.356111552191,0.0057031732886872084
2020-10-01,0.017010545445124748,525.7708592366225,0.006442078168061558
2020-10-02,0.025468488609181678,543.1520215067906,0.008080024269536077
2020-10-05,0.03236450807419779,563.9530620583524,0.01037355833108471
2020-10-06,0.001543666121555709,558.6309615659535,0.010363366576119354
2020-10-07,-0.0069214627089645405,546.8570854071702,0.010603403469821426
2020-10-08,-0.0060874067261127195,539.0151149012938,0.010788015225202513
2020-10-09,-0.008722965080339604,526.2868609711159,0.010905030043102846
2020-10-12,-0.008895117843492263,513.6169811605895,0.011111638174601585
2020-10-13,-0.024830416584703252,492.15557591273887,0.012462361923506193
2020-10-14,-0.01764288795536828,476.5339778597815,0.013053947080984037
2020-10-15,-0.018262304868642356,459.7674843317893,0.013412579526068644
2020-10-16,-0.019217041510433852,447.2536026972518,0.013868663541921223
2020-10-19,-0.011371893504582004,436.2151705621504,0.013965481735143608
2020-10-20,-0.006609440431403036,429.23292635664046,0.013970423382915157
2020-10-21,-0.012240368106369652,419.5558100620395,0.014102109423473595
2020-10-22,-0.016103484082296848,411.74445913380805,0.014347828564024006
2020-10-23,-0.014981447977507294,401.9794103090066,0.014510847302275125
2020-10-26,-0.019704424731967738,392.113134230136,0.01485563837609093
2020-10-27,-0.019360930744654028,381.61549547295607,0.015147146306301821
2020-10-28,-0.0036790175784169464,379.84065176891085,0.01513836384526364
2020-10-29,-0.005429007420413963,376.42239901302946,0.014980698151218039
2020-10-30,-0.010979060569894679,372.0462562380189,0.013963018354948
2020-11-02,-0.01619954135680114,364.28176334057054,0.011724335224492732
2020-11-03,-0.006760936445900719,361.34270528902454,0.006631881085972093
2020-11-04,-0.013746297431684174,355.17760402782704,0.005862848265074647
2020-11-05,-0.002417606769305876,355.7864536796944,0.006161486871841888
2020-11-06,-0.0009287109734127723,355.0325094485534,0.006523606717217968
2020-11-09,0.001323077359186387,355.0681788303186,0.0071376760303330546
2020-11-10,0.005949767607868392,356.33319242793385,0.008109825289429492
2020-11-11,0.009874594005794227,358.2104652323522,0.008688338149159858
2020-11-12,0.013932525981304992,364.1317108334661,0.009853928524727636
2020-11-13,0.009865393351408904,367.88556798776455,0.010284126397938558
2020-11-16,0.0009098712977157202,367.9995641432212,0.009983826511643812
2020-11-17,-4.215375153946636e-05,368.08999090108614,0.009965286432003126
2020-11-18,-0.0006114135943277634,368.74644647409053,0.010006058908823365
2020-11-19,0.001286013912001646,369.3739972710899,0.00994000491624771
2020-11-20,0.008241807724661829,372.5103864724071,0.009899583684602028
2020-11-23,0.001560563579068726,372.4011527962789,0.009552405862555924
2020-11-24,-0.0007929573231505657,373.03085734861526,0.00867410528168591
2020-11-25,0.0054736028757513475,375.2727383758686,0.00773557504640673
2020-11-26,0.00033135632098890987,375.04699920223885,0.00769350942440876
2020-11-27,-0.0036793638590183163,373.06184990307935,0.007640613354484524
2020-11-30,-0.0002417851184149305,373.4830791116308,0.007207493008695443
2020-12-01,0.008803902491135019,375.16395015097646,0.006294979417261162
2020-12-02,0.00801983030782083,379.309961806637,0.0061105676956248
2020-12-03,0.005869926093305114,381.96044852801066,0.004872001456771524
2020-12-04,0.005875900255977315,386.56407510030607,0.004704726505627332
2020-12-07,0.007590264920309256,388.90673619673504,0.004638142587621147
2020-12-08,0.01424617815202954,396.21112453016775,0.005066031619079023
2020-12-09,0.008600496233477825,399.67412962972975,0.005126698311029884
2020-12-10,0.013390547642826954,406.69586449702257,0.005346369387107825
2020-12-11,0.011560766540048764,411.38808934145936,0.005174355741066
2020-12-14,0.017852442197106872,423.0926790715662,0.0058008495569129605
2020-12-15,0.014158345160372043,431.710183118943,0.006000496147428036
2020-12-16,0.017219030632106027,439.0975948377888,0.006296163984744655
2020-12-17,0.012289513367005038,445.89655592271487,0.006155125142722222
2020-12-18,0.01274908037813414,455.0840360165309,0.006083677233411023
2020-12-21,0.00472869278700225,457.19882960368955,0.006126387141311668
2020-12-22,0.003280374686851811,460.0768305196043,0.006048603668691684
2020-12-23,0.012277178165829891,466.93534669565275,0.005767990948951956
2020-12-24,0.014913410786993708,476.5578129787917,0.005879706653016959
2020-12-25,0.00020321098406010882,478.55257471919884,0.005889255225366472
2020-12-28,0.00823889022723908,484.1255576309631,0.005127923358024562
2020-12-29,0.004076294461818518,486.9838103720236,0.004788861444740409
2020-12-30,-0.005672497193537167,484.9579332057995,0.00586212168150868
2020-12-31,-0.006057722064516265,483.46993075014444,0.006734000966738821
2021-01-01,-0.003657142910734705,483.39825000629776,0.00721971335135394
2021-01-04,-0.008895358975341145,479.4922897686195,0.00810198801996927
2021-01-05,-0.007877619753468354,475.6999650156886,0.008750487275424159
2021-01-06,-0.020135297954899756,465.8512180390846,0.010315637129801634
2021-01-07,-0.01307380504720354,460.0215017427013,0.01099078796956281
2021-01-08,-0.005952899919487034,458.4344344582935,0.01096478219240681
2021-01-11,-0.008076010266517525,454.2844080502678,0.011032018421677683
2021-01-12,-0.0037843238804912273,453.18663478408104,0.010476607592680709
2021-01-13,-0.004472806958095712,450.1481532245422,0.0100880618812891
2021-01-14,-0.007813352213301357,446.03085239113403,0.009422382055146583
2021-01-15,-0.008622505883201877,440.84957051472765,0.009035714302806745
2021-01-18,-0.00644347587114519,438.3866593658666,0.008410060209622391
2021-01-19,-0.013442744508758701,430.11683289263493,0.008510269436273199
2021-01-20,-0.011016672609319577,424.99420960623723,0.008482602462013445
2021-01-21,-0.01559015275402584,418.7717718318834,0.00787890919570337
2021-01-22,-0.010409217021237196,416.3463091689721,0.006324344552859596
2021-01-25,-0.016378227481236313,403.9982812173359,0.0064054249558279566
2021-01-26,-0.022005195617800417,391.74525909507435,0.005991468748080014
2021-01-27,-0.02182231973758079,381.1065553935152,0.005761490547896924
2021-01-28,-0.006763233345121714,377.0444241461675,0.005720248279761848
2021-01-29,-0.009118196405492572,373.8447960506922,0.005637519706762086
2021-02-01,-0.019099856566137052,366.52368128069764,0.005675717824675035
2021-02-02,-0.017093694867304252,359.8146601801286,0.005771186736320165
2021-02-03,-0.014165540011037417,353.99654206241183,0.005717282073865777
2021-02-04,-0.015614461380730535,348.82334887835765,0.005482090516216201
2021-02-05,-0.0201673556558824,341.0397643713906,0.0057665477129059655
2021-02-08,-0.021092620455317273,332.555405915889,0.005881397540349649
2021-02-09,-0.02675199126916178,323.6390875497593,0.006481101249939226
2021-02-10,-0.025340654428758543,316.1911356925254,0.006507703686739128
2021-02-11,-0.031511394800873206,305.21519195844104,0.006994882428096686
2021-02-12,-0.023934135171028912,296.7949660703552,0.00691222415044265
2021-02-15,-0.02455396676549566,288.86178799651157,0.006823876405953242
2021-02-16,-0.017746908773813255,283.22535208798513,0.006316060103944321
2021-02-17,-0.01646758220944479,278.73308605238793,0.006234491745317977
2021-02-18,-0.0196577691910967,272.8737997247873,0.00600287544013325
2021-02-19,-0.014271878923341835,267.3932404586003,0.006045118291714558
2021-02-22,-0.012260761216954012,263.31812282346294,0.00592962599973215
2021-02-23,-0.007081740953051874,261.97975966073034,0.006447664433331501
2021-02-24,0.0056353181187494385,263.35541564429406,0.008246468819777518
2021-02-25,-0.002617167122767042,262.8406205727982,0.008745205436749436
2021-02-26,0.003456838874878762,264.5055681902557,0.009543130724930538
2021-03-01,0.006434095846091544,266.96434277748386,0.010621075801132869
2021-03-02,0.001014061993930964,267.90758074760095,0.011122994573191589
2021-03-03,0.008039675298223456,268.76514692573977,0.012083070557759385
2021-03-04,-0.0005841568970885019,269.49644296762114,0.012366091023659506
2021-03-05,0.00012731565894784735,268.97187100305115,0.012619866984577134
2021-03-08,-0.003264170458417279,268.35011768382776,0.012571460202070351
2021-03-09,-0.007134719949928849,266.0223681927484,0.012355649522956985
2021-03-10,-0.015196614173841778,261.43148234663084,0.011814348803070923
2021-03-11,-0.011441110044695333,257.4738394368132,0.01125121829150346
2021-03-12,-0.0030657407413922726,256.45436329956254,0.010013766451519386
2021-03-15,-0.006010633826465769,253.92626505171782,0.009266473088912309
2021-03-16,-0.011685940519103,250.87797574131727,0.00839819798385001
2021-03-17,-0.017006715552232227,246.49038310056332,0.008347364530984254
2021-03-18,-0.020313419647221418,241.67930051862717,0.008629176293776594
2021-03-19,-0.0178378541464341,236.954372497142,0.008493672693207107
2021-03-22,-0.019974836878831555,232.61093491555252,0.00885629864597757
2021-03-23,-0.022057062747963208,226.989468355235,0.009429459299018558
2021-03-24,-0.014705377221602927,223.59213682828215,0.009590529457400123
2021-03-25,-0.008679730726745495,221.7387911278934,0.009141546024671042
2021-03-26,-0.003830669290668982,220.99265425388953,0.009111341412966495
2021-03-29,-0.0058592514603412445,219.1650277278794,0.008755917841552902
2021-03-30,-0.008322663419000231,217.4059624779078,0.008085914029534111
2021-03-31,-0.0029760911146284037,217.2970375317683,0.00788463049344468
2021-04-01,-0.0017786434336957838,217.07303991470826,0.007063836316960557
2021-04-02,-0.009130988257287398,214.93764699661452,0.006758007402963008
2021-04-05,-0.011706953124780118,212.54196369716638,0.006351897633168182
2021-04-06,-0.012394284746136047,210.717762625777,0.006135582599220849
2021-04-07,-0.01698894404963375,207.10718543249197,0.006201241312655975
2021-04-08,-0.012762798902349508,204.48350985424597,0.0061507363833753275
2021-04-09,-0.0060687955451505975,203.5932344490911,0.006257921217562178
2021-04-12,-0.004862449268227054,202.8920317155147,0.0061539651177609225
2021-04-13,-0.00552344345813123,202.16971780500612,0.006175341263261505
2021-04-14,-0.003923448993697809,202.08082098732504,0.006371803294684297
2021-04-15,-0.00850271706490052,201.67551283641228,0.006225875892443414
2021-04-16,-0.015183276603496583,199.1181731361887,0.005909668742102312
2021-04-19,-0.007490228061608292,198.12937948751392,0.005662498052309322
2021-04-20,-0.012042367889707625,195.79805137781685,0.0051839046857174165
2021-04-21,-0.005009056101757157,194.4117467606221,0.004350054142138673
2021-04-22,-0.01633522034869213,190.88327922870073,0.004479589986553812
2021-04-23,-0.0032152004390548303,191.0289420426066,0.004627435591650917
2021-04-26,-0.006286194965901872,190.6871061284991,0.0045395394291222755
2021-04-27,0.0042457847546189705,190.99687695686723,0.005294859664105656
2021-04-28,0.002243659448342297,190.43682063489697,0.00573789887400729
2021-04-29,-0.006318959459118646,189.6902391872727,0.005654389277357405
2021-04-30,-0.0045761478111779885,189.6339196331378,0.005542904663553565
2021-05-03,-0.0056461177533198605,188.68266069193123,0.0055502795698037
2021-05-04,-0.002981125607416047,187.97087189897573,0.005549378958600523
2021-05-05,-0.006070899380965056,187.8634899887443,0.005419186457366644
2021-05-06,0.005366500868140996,189.21696734311828,0.005517348084638621
2021-05-07,0.007040826966345166,190.2812715310395,0.005936902246624555
2021-05-10,0.004835860412320832,191.34082316066497,0.006288344824486524
2021-05-11,0.016478432842991476,193.86828499429689,0.007747488442306461
2021-05-12,0.007625880663190352,195.034348441115,0.008081336163175926
2021-05-13,0.005111562627953697,196.12894215625093,0.008249162842091378
2021-05-14,0.007168871750864854,197.52588704158225,0.008360890486807993
2021-05-17,-0.0037076026146676427,196.28919078311716,0.007774814052053921
2021-05-18,0.0033131108504643246,196.99130347721317,0.007675926669941104
2021-05-19,0.00853692210721657,198.62170796601217,0.007427167310590981
2021-05-20,0.0018320932959051339,198.90746143345913,0.007319808108056789
2021-05-21,0.0069402333047654625,199.77695620643036,0.006267987878877924
2021-05-24,0.0037109164990545124,200.03517304223774,0.006161328002144539
2021-05-25,0.004003116149860031,201.06621717823714,0.005843044544863758
2021-05-26,0.0038536674840967053,201.38091176487424,0.005838874765663235
2021-05-27,0.015928082888724156,203.77105802447667,0.0065000769005958015
2021-05-28,0.013718787203456524,206.61442123993686,0.00646500170541873
2021-05-31,0.002930482326152124,206.1812481320527,0.006143169237909187
2021-06-01,0.007404914313742787,206.94734994268745,0.005680365877547871
2021-06-02,0.0016052056658413404,207.55788855881522,0.005425143575094528
2021-06-03,0.007269336951094961,209.09383113642437,0.004726054446902514
2021-06-04,-0.004072824987355146,208.31227653044562,0.005234476233584543
2021-06-07,-0.003244563618061942,208.12379724663538,0.005581017663130263
2021-06-08,0.00036111439095903126,208.35792841932528,0.005683987707577128
2021-06-09,0.007939254537451533,210.26422803976413,0.00510394200817478
2021-06-10,0.0031272806312820727,210.84251062507542,0.005068291038913412
2021-06-11,0.008489804797458702,212.56455971879583,0.005142957861476606
2021-06-14,-0.007805549548705976,210.27682850806045,0.005772113393529706
2021-06-15,-0.003557529943603879,209.7016672025245,0.005762293736158843
2021-06-16,-0.0027980443290071336,209.37901211375018,0.005945775639632272
2021-06-17,-0.003723171629982301,208.8991780169481,0.006040743697743047
2021-06-18,-0.005948981290102469,207.3664540950834,0.00634950840118197
2021-06-21,-0.009314518116735683,205.65962888452202,0.006779500044785297
2021-06-22,-0.011157750574890398,203.2752599625497,0.007334498890835007
2021-06-23,-0.014167911709584405,200.03416326589877,0.008025451702811874
2021-06-24,-0.0009270399954375069,199.81845472066152,0.00798808729310431
2021-06-25,-0.0011437751738067063,199.59324938551012,0.0071177950372129815
2021-06-28,-0.005341381729945267,198.9893448881296,0.006360145130047832
2021-06-29,-0.004015759434115337,197.86933777415882,0.006291769420464129
2021-06-30,0.004973982780807494,198.79888054020276,0.006131298064996719
2021-07-01,0.005448566246787319,200.04510067597346,0.0063014614668365125
2021-07-02,-0.0008867311578772312,200.32526378428477,0.00595053064425555
2021-07-05,-0.009509244854604219,198.49742031198218,0.00614766606646691
2021-07-06,-0.006780637148081178,197.41522084947042,0.006216162908326137
2021-07-07,0.0015230360973491643,198.1978691661794,0.006249868628922699
2021-07-08,-0.0016538210414035052,199.15338869607095,0.005769586168823896
2021-07-09,-0.004074117904682072,200.23343834539094,0.005592027348587824
2021-07-12,-0.001857791330683706,201.24005157340846,0.004900873169866715
2021-07-13,0.005384337587470326,203.077646668111,0.005215650007929806
2021-07-14,0.008023590487982474,204.74440090740828,0.0057709725831010875
2021-07-15,0.008281767670324009,208.53697991010674,0.006253568228519834
2021-07-16,-0.001271639159246282,208.66336393705055,0.006247214322030717
2021-07-19,-0.0019404865214767046,208.55887778821727,0.006185143275533956
2021-07-20,0.006543198381261411,210.62378237435746,0.006205739405948877
2021-07-21,0.009910592419316246,213.31404850821318,0.006213173803074329
2021-07-22,0.011740370550766743,215.51718139766862,0.005855780280819218
2021-07-23,0.011379482977958833,216.8435403742801,0.006248755772239078
2021-07-26,0.014461639786263249,220.6990142163431,0.006802760951007577
2021-07-27,0.0059553697198585125,222.09937523429923,0.006603981718374335
2021-07-28,0.0026160913296604266,223.65856351798757,0.006410715000094509
2021-07-29,0.0016773885432546899,225.0630843828575,0.006406771172007677
2021-07-30,-0.003426382496800712,224.57287514262592,0.006535107018006661
2021-08-02,-0.006017029954301545,224.28334835770747,0.0067665574938000385
2021-08-03,-0.003857647059124499,223.2893500593651,0.006368785466648504
2021-08-04,-0.005316237778475169,222.47896617423484,0.006267039047549489
2021-08-05,-0.0020907482073131024,222.4276593730426,0.006351910180048695
2021-08-06,-0.01024173867417977,220.25519527831185,0.006892497662209206
2021-08-09,-0.013222564067953552,217.59318108859213,0.00756424872308344
2021-08-10,-0.008121570304802322,216.1475172701357,0.007832335504658413
2021-08-11,-0.008203261917101386,214.71392118098254,0.008049371071289533
2021-08-12,-0.011141679921474667,213.06371419265497,0.008273229342792914
2021-08-13,-0.008906539593376995,211.1807174542711,0.008251836563842405
2021-08-16,-0.0143306795551326,208.55001885442434,0.008755761390489086
2021-08-17,-0.015857451672014123,206.22186873147436,0.009296822522397817
2021-08-18,-0.01378125845063738,204.6968280629254,0.009397198559175165
2021-08-19,-0.01352829160627414,201.66267798666627,0.009153477617231533
2021-08-20,-0.0020284327380437352,201.2736557466934,0.008410340038594227
2021-08-23,0.0011504623361766793,201.12499835867848,0.007681883794865857
2021-08-24,0.009416606959800703,203.28327540896854,0.0070840398226723255
2021-08-25,0.011166063975102461,205.24741351634654,0.00758543148190934
2021-08-26,0.00652069283782393,205.89772333397912,0.00783624410745389
2021-08-27,0.004271570790030307,207.17853824816018,0.00797012692350511
2021-08-30,-0.0009646888914810792,207.9868056757007,0.00801428190301515
2021-08-31,0.006552573856335273,209.4315315437842,0.008395175389545281
2021-09-01,-0.005939241407003475,207.41068471660412,0.008400670854619036
2021-09-02,-0.00937946484407688,205.77665167790533,0.008466831927749321
2021-09-03,-0.008134536541405958,204.02283306725403,0.008476486700889536
2021-09-06,-0.005810375846155155,202.54022432437117,0.008393858359962973
2021-09-07,-0.0005832436735525208,202.10961443243113,0.008208945902491894
2021-09-08,0.001594537520918885,201.87846123167154,0.008248980343805844
2021-09-09,0.005803230612958176,203.14578038629259,0.008431763017075173
2021-09-10,0.0031823375713202016,202.54710187513516,0.008322554160800556
2021-09-13,0.013009408451545051,203.943124233874,0.008819984070459391
2021-09-14,0.00046440688050525215,203.8161360481745,0.008304381238892582
2021-09-15,0.0027164792184013777,206.55331432315685,0.007554874736715243
2021-09-16,-0.0022334664787569958,206.51117562772512,0.00687011768480773
2021-09-17,-0.006207793476211541,204.12625539027013,0.006264648009192451
2021-09-20,0.0037436367631629637,204.89180508609584,0.00624389699403045
2021-09-21,0.006891828974569569,205.8874482933451,0.006355075450529141
2021-09-22,-0.0013640179412896301,204.19565044156704,0.006133670279490376
2021-09-23,0.004298423265749749,204.54801830311158,0.005746892444031968
2021-09-24,0.006379270507108409,205.6726168616501,0.005740027965079288
2021-09-27,0.0032366555884957397,206.1258382587729,0.005713754679795484
2021-09-28,0.0031036304573393817,207.20274786450523,0.005719124137190175
2021-09-29,0.0014523701459974864,207.3010088351568,0.005578799258499961
2021-09-30,-0.004811526563252081,205.664633886733,0.00551603650711019
2021-10-01,-0.01412943291832454,202.7371669752952,0.006028991894435795
2021-10-04,-0.013746023783824307,200.69188561137037,0.006538320284806133
2021-10-05,-0.010721768256751056,199.79922163118172,0.006849487480668937
2021-10-06,-0.0013247095015296083,199.85683612466025,0.006855088925893426
2021-10-07,-0.007249859799760894,199.27871472597312,0.007025896623092689
2021-10-08,-0.007208112913869109,198.25159292398612,0.007029152906318319
2021-10-11,0.0001605724473684554,198.56907973655484,0.006970432616944367
2021-10-12,-0.01124437671563888,196.72589555999323,0.006505933655946988
2021-10-13,-0.015018365787391465,194.8217913750808,0.00703558694928477
2021-10-14,-0.008819573172151577,193.80661014752454,0.0070161881628644195
2021-10-15,-0.007187434325795571,193.3484173429883,0.0070524570995631405
2021-10-18,-0.0006357602901545346,193.6494064522241,0.007062088185311654
2021-10-19,0.005430664584762779,194.73364296151905,0.007157947879834992
2021-10-20,0.010193145550506306,197.6044325706578,0.007427669415066875
2021-10-21,0.0021860649594906954,198.24748679024785,0.007513729066835222
2021-10-22,-0.0017937523223786056,198.45440989505855,0.007328035424621721
2021-10-25,0.0029889529047521205,199.19954440361838,0.007136269463238058
2021-10-26,0.00721021598807194,200.24725619623294,0.007374690795965582
2021-10-27,-0.0003635881421024944,199.81505012500645,0.007259989637249512
2021-10-28,-0.00408804666207709,199.42333232078272,0.0071690641923947045
2021-10-29,-0.0059035156021659515,198.8337519773099,0.0071805838028396185
2021-11-01,-0.005385848918261229,198.7923554435338,0.006799311032025761
2021-11-02,0.005393523330904318,200.16106743995792,0.0066313578176831044
2021-11-03,-0.00735634079084605,198.59525019291004,0.00646230579388116
2021-11-04,-0.007230330179528478,197.3540548737216,0.006542013757065753
2021-11-05,-0.0030214366663129703,196.98926076975556,0.006458313128255606
2021-11-08,-0.007877781207470475,196.50491530982796,0.006484521819924438
2021-11-09,-0.0066143640815274395,194.48460052964023,0.0065143399408463
2021-11-10,-0.0052195041519901945,192.6760870429465,0.006251977226747444
2021-11-11,-0.009669741652992787,191.87477190240955,0.005811153581608284
2021-11-12,-0.012748283967588,190.04016372791295,0.0060889954679155655
2021-11-15,-0.008200299198421015,188.78176996009555,0.006132159752940417
2021-11-16,-0.00831340093210394,187.21628487999058,0.0062427169475731
2021-11-17,-0.004624624678889837,188.29974880634532,0.005952665004973753
2021-11-18,0.00416720099375796,189.92239048958675,0.005385145018171117
2021-11-19,0.009600049119262726,192.35659947095562,0.005994796508907642
2021-11-22,0.006795946642757377,193.2653006351742,0.006382373464513792
2021-11-23,-0.004897209440153721,192.40977560601848,0.006250483782969455
2021-11-24,0.011089201679252985,195.6163686744843,0.006621506664539646
2021-11-25,0.009045748261726445,197.39447589761093,0.007113846641369281
2021-11-26,0.0032563628845410676,197.97057943601067,0.007217934234227644
2021-11-29,0.010436334590300848,200.48382475301457,0.007673251049067772
2021-11-30,0.004861739742499317,201.18093737358132,0.0077389428526861105
2021-12-01,0.004900160881621782,203.4466634887867,0.007719267839029284
2021-12-02,0.00027554927375028957,203.26850260466975,0.007584996146892378
2021-12-03,-0.006557473189063526,202.9370707249195,0.007557251383900019
2021-12-06,-0.006184001794846128,202.34386158904502,0.007638281249425077
2021-12-07,-0.014111944133186732,201.33185484248386,0.008038407565672789
2021-12-08,-0.008664127435470416,200.15996137976322,0.008120970690989857
2021-12-09,0.0004211690331374478,200.95742525655967,0.008073799736137597
2021-12-10,0.0021598217682569556,201.88399066167858,0.007841444228073206
2021-12-13,0.0004487574505330899,203.95367001649322,0.007308622641538873
2021-12-14,-0.007410339529967609,202.35715597358356,0.007264687026793459
2021-12-15,-0.009724423207687577,200.0467361079059,0.007354489101707464
2021-12-16,0.005374553821163371,201.87661697973968,0.007346685921588932
2021-12-17,0.006464104432202054,204.30019102226947,0.007417211474322632
2021-12-20,0.0047490721859245995,205.65831662055973,0.007203105603907786
2021-12-21,0.01156687601967085,207.69196742164442,0.007478083684756458
2021-12-22,0.004958067601146833,209.19657194909107,0.007409399490156568
2021-12-23,0.0015620118828064409,209.7445902095958,0.007063823459842134
2021-12-24,0.0006214824478253029,209.85084408976476,0.006809687559219609
2021-12-27,-0.0002662490024018795,210.92415343532596,0.006780368070464996
2021-12-28,0.0041740510870206995,211.37075141479534,0.006440549544619317
2021-12-29,0.0034494620513570006,212.52724017715295,0.006394253677686968
2021-12-30,0.00989247000669783,213.75610434492486,0.006675495736274369
2021-12-31,0.0016979628332908017,214.48193389840017,0.006684019464179552
2022-01-03,0.00013730903022575328,214.73855087980118,0.006501768591614171
2022-01-04,-0.0009264748859105744,214.04173894065107,0.0063288780701957785
2022-01-05,-0.006773609576967204,213.1808738653443,0.005628860076151255
2022-01-06,-0.0006806560284932734,212.4214625919656,0.005185853250345093
2022-01-07,0.007026480308164306,213.53312734417332,0.005314664674669301
2022-01-10,0.006583694259089241,214.77654666042622,0.0054149806225086946
2022-01-11,0.020493752535631238,218.7828772539865,0.006727385453459045
2022-01-12,0.015930333299484862,222.68440296759903,0.006848715182650685
2022-01-13,0.018901665616540993,227.13086967126944,0.006806165552627183
2022-01-14,0.012407155241376512,230.08738639643238,0.006972062963174492
2022-01-17,0.012194898152756178,233.3671960678855,0.007109819986967678
2022-01-18,0.01403339633799653,236.585895406526,0.0073087405985799445
2022-01-19,0.019476525749775635,241.0871683701255,0.007770865281136154
2022-01-20,0.009159115499235815,242.83344588813262,0.007772456289950676
2022-01-21,0.01038006422414859,246.55536592773353,0.0076961440567527165
2022-01-24,0.0006531273770385166,246.47664943371115,0.00769472883204388
2022-01-25,0.006323813584555696,249.2205223618232,0.007492992792525179
2022-01-26,0.0007656124610437171,248.5676291834295,0.007612224216771227
2022-01-27,-0.003987632551254741,248.34284892420783,0.00798252000683188
2022-01-28,-0.000899833046083283,248.56357338713943,0.008154085894400876
2022-01-31,7.582312194277217e-05,250.3833005160368,0.008212355765333768
2022-02-01,0.007842528610024555,253.61384890307582,0.008074166863302428
2022-02-02,-0.003687738133184286,251.5113954334511,0.008232252776747436
2022-02-03,-0.010273242224912894,248.08497629252568,0.008553387089100629
2022-02-04,-0.003594795744267495,248.96094050673628,0.008703083575122453
2022-02-07,-0.01008749193075893,246.53734475175034,0.00943710851347377
2022-02-08,-0.008240483109447562,245.08243846355927,0.009920923254958951
2022-02-09,-0.003081125689821237,244.80745761476055,0.009417306605321031
2022-02-10,0.0013752382696862419,245.64283050249563,0.00902381859389466
2022-02-11,-0.000140023905171145,245.45699646212185,0.008308229801774947
2022-02-14,0.0004985141528447958,245.75561472322542,0.00799245741427399
2022-02-15,0.002480246810016575,245.75547048030103,0.007636801812539986
2022-02-16,0.010033460119825073,248.09595134702158,0.007350040139490712
2022-02-17,0.006473386849012501,249.37689251626367,0.006188815028685015
2022-02-18,0.006115152825180361,251.93049617169754,0.006010789439801657
2022-02-21,-0.003909489510725475,252.00092278905336,0.005624448601508139
2022-02-22,0.003986673619424433,251.24274183933474,0.005697796874496289
2022-02-23,0.0004302346357717636,251.28605666142047,0.005507967729863255
2022-02-24,-0.0047754337486908514,250.72158898201133,0.00558292632954503
2022-02-25,-0.001195357128079544,251.69601117764572,0.005532143159822122
2022-02-28,-0.011143323840874823,250.19975176460252,0.006000600209098895
2022-03-01,-0.016459266890638303,246.75617365371681,0.006874750557939303
2022-03-02,-0.012729037576547487,242.57013802196272,0.006900849939882623
2022-03-03,-0.009351900333039639,240.83669405053288,0.007048115965881587
2022-03-04,-0.011689391290836224,239.55647736347905,0.007127234491461859
2022-03-07,-0.01497981326044646,237.6513085108758,0.007585400829759386
2022-03-08,-0.009772848162050025,235.8736263452175,0.007572323136512246
2022-03-09,-0.009818228062405794,235.06354852648573,0.007628053425275823
2022-03-10,-0.008882415677787437,232.8411698548739,0.007709222163433472
2022-03-11,-0.003042589931200991,233.23334742561204,0.0076156617249874365
2022-03-14,0.0005056552303589651,234.36653689077437,0.007634087369823084
2022-03-15,0.0014950206055188476,234.41310124997275,0.007667474412708748
2022-03-16,-0.008104339791227782,233.29681670319337,0.00756000374704186
2022-03-17,0.0009622923548648058,235.02027382486745,0.006912926076186025
2022-03-18,-0.00028536613468516597,234.614785914809,0.006494671482693348
2022-03-21,-0.000550771069283427,233.35943145932538,0.00605349316791182
2022-03-22,-0.009431361743328951,231.97355899337995,0.006092479074539723
2022-03-23,-0.007017694651174901,234.01882272157584,0.0056529910377360205
2022-03-24,-0.00866185408169956,232.66275120544938,0.005442472581174191
2022-03-25,-0.004543465252423328,233.11516578803148,0.005447236395569863
2022-03-28,0.009406481624593533,233.7839454450204,0.0064079943262330625
2022-03-29,0.005748451492372272,234.92213231457768,0.006827350923650538
2022-03-30,0.002080933374115856,236.7682093589342,0.0065431527851139105
2022-03-31,0.012973069201124563,239.8313508722163,0.007323180362567359
2022-04-01,0.010316722299852274,242.33196147244954,0.007777543190706347
2022-04-04,0.00947753038475215,244.7448792414074,0.007902785338430123
2022-04-05,0.01590149993463133,247.51554192473304,0.008144359891654806
2022-04-06,0.010793696604302225,249.50936721476077,0.008154448115931159
2022-04-07,0.00807826619536764,251.71115151281273,0.007907510681182986
2022-04-08,0.0031347529532770586,253.3152549376557,0.007523394729382634
2022-04-11,0.0009763387619262516,253.33973798851335,0.0074300418223331565
2022-04-12,0.003767676842636699,255.34798464575215,0.007419563658227367
2022-04-13,0.00894488291092122,258.14969949216226,0.00753668170503745
2022-04-14,0.00281346799477439,259.8367937573948,0.007092522415447984
2022-04-15,-0.001414617015111118,259.6385989191234,0.007154843120253909
2022-04-18,0.009721255768822927,262.2584596361535,0.00722629639457067
2022-04-19,0.007648232108088955,263.7240374448624,0.0071935579298515635
2022-04-20,-0.000316630249498809,263.14770238274474,0.0065703606098914185
2022-04-21,-0.0045252200664975045,263.3752046664255,0.0063664325117774945
2022-04-22,-0.006869699685431334,260.7729880054702,0.006185373890866382
2022-04-25,0.00021328571573917522,261.2481109290604,0.005900576224381563
2022-04-26,-0.005124705236417584,260.4854852838461,0.006223864776052422
2022-04-27,-0.003649758695980722,260.1821143762552,0.006462351886990044
2022-04-28,-0.007380469603887899,257.48877810674395,0.006919744377640607
2022-04-29,-0.001956807737469145,257.01535793909176,0.0066704398599449315
2022-05-02,-0.0041957826004866364,256.18787918514977,0.006613336427674194
2022-05-03,0.000186869776222093,256.28170601298734,0.0064092131408862675
2022-05-04,0.005329017561935275,256.54535450367473,0.005607042251583478
2022-05-05,0.01042411800598981,258.650788623003,0.005576071982690392
2022-05-06,0.009731392209838778,261.56732658330037,0.0056881472337967235
2022-05-09,0.002500086611994014,259.8649753582179,0.0056796329703113066
2022-05-10,0.004269833486835938,261.44895591324774,0.005716261359578147
2022-05-11,0.0071885326034862,263.7101295775515,0.005833624238996456
2022-05-12,0.015881463084979962,266.78312272148474,0.006435784742690358
2022-05-13,0.010707421752761868,270.2258763088431,0.006714625707704362
2022-05-16,0.016704345314735133,274.06315690658204,0.007347314285076336
2022-05-17,0.019411457645071167,279.6011512929676,0.008050254377518764
2022-05-18,0.006650750537940737,281.70117397887685,0.00802825709378213
2022-05-19,0.002436924136803671,281.5703111628456,0.007983796762360123
2022-05-20,-0.0034681510769865274,279.0747083954711,0.007932438742001604
2022-05-23,-0.009611352213927983,276.2203593482986,0.008136105216981151
2022-05-24,-0.00809938448412311,273.81626439617065,0.00850456586187981
2022-05-25,-0.015310409431954696,268.5511320371832,0.009261913188827273
2022-05-26,-0.00989979348202022,267.1365559197477,0.009573037658011213
2022-05-27,-0.011249313208265138,265.4806765103886,0.009806119865066453
2022-05-30,-0.011252590278431328,263.45844081615246,0.010207950601811804
2022-05-31,0.005362479131642609,266.2425654330703,0.010138907859389278
2022-06-01,0.011846585925352865,266.81695004149293,0.01033585616238505
2022-06-02,0.00935061467209885,269.64640505071463,0.010421262773853402
2022-06-03,0.004142824745827619,268.6409459022816,0.010287633512564858
2022-06-06,0.0027251598830158098,268.9683454314902,0.010162004960916314
2022-06-07,-0.007061992649066411,265.8985400831537,0.010369160405684799
2022-06-08,-0.003113059279368917,261.6779076903285,0.010411266004846336
2022-06-09,-0.003962419017709377,257.6960032438458,0.010395680415110601
2022-06-10,-0.0025953923495340456,255.1866209694496,0.009845588489722397
2022-06-13,0.002433983081655207,256.62126243198514,0.009564661843205724
2022-06-14,-0.004744823414395077,254.6513730301286,0.008780412568563049
2022-06-15,0.0014689638629447222,252.6684341940132,0.007441415805660913
2022-06-16,-0.0008770505936345134,251.50175536841763,0.007175730432633734
2022-06-17,0.0019611636573091122,254.72676585942835,0.00716025986286153
2022-06-20,-0.004637985207072015,253.0319881989001,0.0071729204627473606
2022-06-21,0.0038018609768762216,253.58433451265694,0.0071076979197581755
2022-06-22,0.004283840535985836,254.74563381511152,0.007080499297639509
2022-06-23,-0.001997822522322921,254.51486902294104,0.006318465734709106
2022-06-24,-0.005976619854878352,252.2159378681065,0.006085547449407482
2022-06-27,-0.006097629303224509,250.76640157765777,0.005722758479792037
2022-06-28,-0.003713319382499971,249.40993315847842,0.0052106023217357985
2022-06-29,-0.004717325485815444,248.99915410336635,0.005167986242180181
2022-06-30,0.0003693554010967698,248.99804669810905,0.004356071121629154
2022-07-01,0.002030812857931684,249.53860649487737,0.0037445297821456585
2022-07-04,-0.0017481129252592692,250.58351275788377,0.0035350224797793396
2022-07-05,0.005239037213238171,251.5844204404294,0.0037239053551824048
2022-07-06,0.009864175627751983,249.9009617140736,0.004236393513159081
2022-07-07,0.012796825091954659,253.93618398636556,0.005100201052650832
2022-07-08,0.008102041783557093,256.21661859996817,0.005289597193249506
2022-07-11,0.010860404210565786,257.6460435979014,0.005668551253478546
2022-07-12,0.013343810557530441,258.3124423762879,0.006242165518874329
2022-07-13,0.01834464860864076,260.806081955374,0.007002902031539532
2022-07-14,0.018620363508185845,265.80852021015545,0.0077747816241368044
2022-07-15,0.015616794780471017,267.47637682283363,0.008104533845796348
2022-07-18,0.019448505503613683,270.38473508761905,0.008697828135582229
2022-07-19,0.02403450921859066,275.2127698869138,0.009271449935534647
2022-07-20,0.011251049725410288,277.0572752076925,0.009294043118861478
2022-07-21,0.017498745115581898,280.69527359723236,0.009535186154294396
2022-07-22,0.007319949951141547,282.5198727372329,0.009271065577225724
2022-07-25,-0.003097715318173594,280.33961785288824,0.009069843764648991
2022-07-26,0.006552970939468543,279.5428771198255,0.008461960184821348
2022-07-27,0.0028377152025645495,280.90546409216137,0.00808396566914306
2022-07-28,0.0008844693110876961,279.1655495422681,0.007681932363053901
2022-07-29,0.011652657321480376,282.60910796789443,0.007398391971019502
2022-08-01,0.005008418777232698,282.5117967625164,0.007263943787344806
2022-08-02,0.013173935184167332,285.5896509807698,0.00674704601718121
2022-08-03,0.004356745294498639,288.16598586293674,0.00678683027612751
2022-08-04,0.010584682225431767,289.3559505022079,0.006783260694846076
2022-08-05,0.009241680967779336,289.82246990236854,0.006778279416151442
2022-08-08,0.007804576961682433,290.9433154977348,0.006784385892138631
2022-08-09,0.003559489422927253,291.40428014129003,0.006962129707234089
2022-08-10,0.007728662911244488,293.32203164765446,0.0069505395916039945
2022-08-11,0.0017434033135871115,295.0985263807088,0.00691174751362204
2022-08-12,-0.0012382513861706674,295.98318174522683,0.006934831988115479
2022-08-15,-0.004200899242073178,296.02596799657346,0.00724227752325331
2022-08-16,0.003918586056359182,297.7094363068807,0.006728978665358177
2022-08-17,-0.005453283591825638,295.2594101326369,0.0059630375852193105
2022-08-18,-0.025811984408425193,288.96262714848143,0.008881654018621678
2022-08-19,-0.03697749295844948,276.5005075448549,0.012003645275244834
2022-08-22,-0.0383812730761272,265.9612501085578,0.014640852647240682
2022-08-23,-0.024871367406560332,259.86536816000165,0.01552313556294517
2022-08-24,-0.021911523087780226,257.672132367336,0.015950125454892144
2022-08-25,-0.022101240888063967,253.5176723442476,0.01636701131116141
2022-08-26,-0.018920081793629927,249.08318873613328,0.01659072530236338
2022-08-29,-0.020080476248616596,245.42703215710046,0.0163685064551394
2022-08-30,-0.010699151550069527,243.17188765456459,0.016136255359702065
2022-08-31,-0.015832380489373805,240.90315483286224,0.015458075011409047
2022-09-01,0.010281242511404418,243.86635733584242,0.015772687466547326
2022-09-02,0.008967457395186363,246.85851801334013,0.01567529188798323
2022-09-05,0.005950397599508282,248.41624766867344,0.015497109209222003
2022-09-06,0.01185246298723209,251.07620773368038,0.015744459722062534
2022-09-07,0.006187470834394803,254.70950619589175,0.01586067507588065
2022-09-08,0.010728326875577026,255.2511650347218,0.01603183281943988
2022-09-09,0.00782112983291813,257.28857165546657,0.016286373942020562
2022-09-12,-0.001049687998422562,257.69674956521004,0.016290691811453418
2022-09-13,0.0038549527821286275,258.5328415995281,0.016493034561053405
2022-09-14,0.014622091034286458,264.296502261675,0.01704299018195186
2022-09-15,0.011844618364733902,267.1616475907734,0.01756725813721044
2022-09-16,0.007350758942787385,268.77473651643135,0.01726853011498159
2022-09-19,0.008802714001758945,271.19292332778224,0.015905883107926882
2022-09-20,0.010575872132951117,274.8953144905825,0.01394690790577531
2022-09-21,0.008223889016922677,277.26460303739896,0.012922113922048046
2022-09-22,0.005325817972956787,279.1331858595037,0.011852894312937363
2022-09-23,-0.0008285745420352424,278.6857908558204,0.010516528769664317
2022-09-26,0.012861650904463758,282.86788949985663,0.009419716283811599
2022-09-27,0.0006010257995784019,281.1636048286652,0.007618408153200991
2022-09-28,0.0003021858432002398,280.573289251418,0.006773512747948063
2022-09-29,0.004467778572580368,282.75732870545806,0.004576880689484523
2022-09-30,0.00746398779918177,284.97879831927025,0.004519376840567844
2022-10-03,0.008161187858530839,288.1742612502552,0.004504771962207793
2022-10-04,0.015855619700828775,292.7806501438084,0.004900413905428505
2022-10-05,0.0084089238708328,296.32726954040174,0.004799932669535252
2022-10-06,0.01365336207680992,299.8874830630037,0.0049924044553412246
2022-10-07,0.012325686517818561,303.12420928349684,0.005054652598462473
2022-10-10,-0.004444477485543327,298.64208747129356,0.005701172917478897
2022-10-11,-0.010543584042603417,296.92422440766137,0.006670841139459408
2022-10-12,-0.011206660754053133,294.7508700371363,0.007710873301017889
2022-10-13,-0.013079197344425303,290.97549229232123,0.008475094527648776
2022-10-14,-0.005088910276410724,291.21547446115744,0.008554269700909755
2022-10-17,-0.007449545672597299,290.5731293649166,0.008849189026374691
2022-10-18,-0.008390270467925098,288.0899560182143,0.009084127780972359
2022-10-19,-0.00890636779310521,287.06131980218504,0.009185306597208436
2022-10-20,-0.008015375772695666,285.46517975925707,0.0092582797982629
2022-10-21,-0.02333419993526051,279.9559165287809,0.010541917790206457
2022-10-24,-0.022589071234369703,274.6558223176874,0.011562991478622584
2022-10-25,-0.019132780735427117,270.4716605370548,0.011634601523962894
2022-10-26,-0.0134129295982455,267.16722132606657,0.011795742212379704
2022-10-27,-0.005878626650439926,267.4790773956285,0.011758890276911568
2022-10-28,-0.004384994704713002,265.47949295059306,0.0115847462777102
2022-10-31,-5.1075186517079696e-05,266.83181260002084,0.011300808553161755
2022-11-01,0.007587858213922288,270.4111877375212,0.011267764748142858
2022-11-02,0.007571227086434343,273.1687706704144,0.01062222612180591
2022-11-03,0.016435713330272776,275.88689919456823,0.011273733303068837
2022-11-04,0.008002517904700421,279.3163893080369,0.010862190933102069
2022-11-07,0.013197691649105968,283.57489883958374,0.010934876288304626
2022-11-08,0.001703357493862278,284.40493895093607,0.011043113790162536
2022-11-09,-0.0005819762943758195,283.9027420616615,0.011011207696909503
2022-11-10,-0.004054840183495035,283.56803815216745,0.010907388323788096
2022-11-11,-0.009724012559267576,282.1228489170743,0.010796037993706608
2022-11-14,-0.006216481528107251,281.7336324250517,0.010803904717490272
2022-11-15,-0.009892774456734353,280.0368501157088,0.010853996976495542
2022-11-16,-0.0076281381787494384,278.7685227210728,0.010840864026959059
2022-11-17,-0.005600461959455069,276.2095003441525,0.010793807527525064
2022-11-18,-0.006953389983549434,275.1846578077525,0.010776997269245081
2022-11-21,-0.004626490554234076,274.63637012400767,0.009834782913834843
2022-11-22,-0.01303175957751379,272.459908410335,0.009082823561303325
2022-11-23,-0.011406784666849306,268.8401763064408,0.008523094306504974
2022-11-24,-0.007612392155288164,266.78684429563356,0.008235113573723394
2022-11-25,-0.01109445819678343,265.05815192773036,0.008432504602705492
2022-11-28,-0.006986084923856533,264.22657309849507,0.00848356474602847
2022-11-29,-0.024883306227573083,259.28365667005414,0.009769094972068675
2022-11-30,-0.016131451451130624,256.45579990372727,0.009780956550674784
2022-12-01,-0.013548166080714531,253.85303503959145,0.009534599977294061
2022-12-02,-0.009210539729295721,252.45331591236223,0.008083640869462378
2022-12-05,-0.003141213187903454,251.35386434894974,0.0073877277489458005
2022-12-06,-0.008388066194442934,250.3655451191373,0.005665393657869862
2022-12-07,-0.01301742301954008,249.3714798201752,0.005230673896519052
2022-12-08,-0.0007874377592928676,248.4127899089964,0.005213863605065113
2022-12-09,-0.0021858731384054664,248.48153268762852,0.0053215476706157385
2022-12-12,-0.007369215900772996,247.1277012947294,0.005333555862797856
2022-12-13,-0.0076728061166125945,244.73468914450825,0.005304479696290246
2022-12-14,-0.015197021892409965,242.4730438989177,0.005467728269042551
2022-12-15,-0.013974231240721115,240.51394452042953,0.005542327903081782
2022-12-16,-0.003060697271729205,238.70950522928027,0.005661721190355333
2022-12-19,-0.0161841540288156,237.16011190803627,0.005807548044249255
2022-12-20,-0.012866742236193636,235.90937763125226,0.005705468238387561
2022-12-21,-0.0018714695744087306,234.63236432041631,0.005959173251943957
2022-12-22,-0.0045847867756543354,233.29115118417246,0.006054537170132366
2022-12-23,0.006995070170841617,233.0955845140618,0.007042315040292586
2022-12-26,0.008116966680475797,233.47425459351288,0.007924288223209862
2022-12-27,0.009517301133475873,234.6875080401893,0.008790679362879169
2022-12-28,0.0049267560384896264,234.17202329580834,0.008162664377024752
2022-12-29,-0.002662519493176283,232.39171836131132,0.00782390922043911
2022-12-30,0.007414052442370323,233.42811876521964,0.008020949140197794
2023-01-02,0.0054058097645426776,234.67196122451446,0.008183932098775036
2023-01-03,0.017607752295918603,239.51839835616406,0.009377332962226504
2023-01-04,0.023494097382491554,243.829117629284,0.010824110002764217
2023-01-05,0.02182213856997248,247.13393144404805,0.01151468775185461
2023-01-06,0.021360752001648022,250.87104743815405,0.012345952847013536
2023-01-09,0.004355468613201334,250.26194950526818,0.012321302051051183
2023-01-10,0.0012203053714795683,249.54639561958263,0.012129879585534614
2023-01-11,0.005703692449300843,249.72603604712802,0.011913898111247595
2023-01-12,0.004264998429827895,249.89765802304194,0.011141900645855053
2023-01-13,0.0027670359550493813,253.40563261600462,0.010351704948187304
2023-01-16,-0.0019150610734585786,252.18063136033484,0.010310368358054519
2023-01-17,-0.0006235042864173703,251.20788177224452,0.009212941779416114
2023-01-18,-0.0018602432864615066,251.42881283802797,0.008376891933569984
2023-01-19,-0.0038021718910725946,251.03389215439765,0.008480549449111315
2023-01-20,-0.009132520545621647,250.6295833646261,0.008820122623633823
2023-01-23,-0.011401146616210904,249.1898869876363,0.009591120803899279
2023-01-24,-0.011509794961068963,248.09208365610758,0.010215820517222647
2023-01-25,-0.014138878241583145,246.15816034418117,0.010876219953549524
2023-01-26,-0.005283186713482959,243.8608395011752,0.011013779704722884
2023-01-27,0.0006736701683794972,243.5043975008214,0.010959092572019337
2023-01-30,-0.00012754587911407238,244.7485098520411,0.010919935427417185
2023-01-31,0.0020994378019440446,246.0040319770433,0.010897147682942523
2023-02-01,0.008208564402348505,247.5087158476206,0.010413679620772248
2023-02-02,0.007382412907636731,248.57948185033868,0.00925897107171055
2023-02-03,0.005093812816564266,249.64268575489976,0.008009221724025446
2023-02-06,-0.0009841673186590627,250.67754369562388,0.0063677431118843095
2023-02-07,-0.0013161339321451158,251.95018898834158,0.006252702287627283
2023-02-08,-0.0019158438858908253,253.0863152605086,0.006230036539638708
2023-02-09,0.0034307865680056147,253.94321528737586,0.00612061236004845
2023-02-10,0.0009112223538010066,254.18735273543766,0.006007210749738749
2023-02-13,-0.005947436036153761,254.33408884969333,0.005991972213084324
2023-02-14,0.004557220181114276,255.27554751995356,0.006161034752163979
2023-02-15,0.0011293713865984925,255.71953062215118,0.006188152960199823
2023-02-16,0.003843919193137184,256.7350986979555,0.0063010496653621165
2023-02-17,0.007916156042655708,259.74254814479144,0.006584976569250168
2023-02-20,0.003558221666281173,260.5896696627705,0.006359173821708067
2023-02-21,0.004181530052918554,261.17612063014275,0.005875313519228242
2023-02-22,0.002601622010471338,262.35090446406167,0.005193204606660817
2023-02-23,-0.001538309079441553,262.6578590776793,0.003893804093670925
2023-02-24,0.00016813355020730905,263.6842268233139,0.003563425036175681
2023-02-27,0.00198557969892296,264.7537364207619,0.0035487909008400016
2023-02-28,-0.005036641777082591,264.88841805805674,0.003855079519798333
2023-03-01,-0.0020613207843011476,264.06819969882395,0.0039511444587072295
2023-03-02,-0.0035861738439834268,263.4308073174354,0.0038191295105626482
2023-03-03,-0.0054358897628078275,263.00353748862614,0.003799310171588185
2023-03-06,-0.010002691723293614,263.14822393252206,0.004292806581421166
2023-03-07,-0.008541712247718871,263.5326178017347,0.004665231056852355
2023-03-08,-0.017062037525871994,261.2338534496679,0.005900080170638589
2023-03-09,-0.010321338518152316,268.50027885554323,0.006221834984646177
2023-03-10,-0.012966225981762433,269.0381878776571,0.006567829148483031
2023-03-13,-0.014761642073522374,265.11887892093443,0.0070392310424201975
2023-03-14,0.00037365482241102227,262.51961285836546,0.007051267408774408
2023-03-15,-0.007838836032716406,260.74978079363945,0.006912871280563156
2023-03-16,-0.0026283712092685526,262.51738460832706,0.006835384929657367
2023-03-17,0.0035392836243950936,262.0145076491375,0.006818935849491595
2023-03-20,0.007234264297697292,261.8829316899403,0.006762301440766942
2023-03-21,-0.0012156388204653899,258.73475889099194,0.0065832359466242996
2023-03-22,-0.003475724927970797,257.24006558014656,0.006317112272211026
2023-03-23,0.00014469603515049825,257.32742788771293,0.006204395426122389
2023-03-24,0.007122389321657756,259.1720738494245,0.006676121469658521
2023-03-27,0.007908085049801212,258.69905208011636,0.00711778889499891
2023-03-28,0.001086744630309019,257.8992659128746,0.007084839179666892
2023-03-29,0.004816954199264342,258.1591747288271,0.007313901905266589
2023-03-30,0.009386653062159663,260.20215033821387,0.007814293961986307
2023-03-31,0.005440688541148448,260.38400927007723,0.008007682274344107
2023-04-03,0.003357600962267161,259.8871328452554,0.008062344559787106
2023-04-04,0.0026588874934599365,258.58551124265665,0.007892144289032697
2023-04-05,-0.0007532717412093515,256.06504861626814,0.007712103632482443
2023-04-06,-0.005546851770207928,253.6477267022502,0.006864983625885279
2023-04-07,-0.00557664677088959,250.20275379368942,0.006591532950465863
2023-04-10,-0.005868663411778569,246.70010562563303,0.006058176720967461
2023-04-11,-0.004662681378527221,247.15016573185298,0.005137169265386336
2023-04-12,-0.011660866116679498,246.33397785125302,0.005807403124262956
2023-04-13,-0.010085036531856231,243.61209479953652,0.005980305222725681
2023-04-14,-0.011012496354704512,240.80283720521308,0.006431471787714618
2023-04-17,-0.012593397727437575,238.11831076537172,0.006891831293986708
2023-04-18,-0.0066650967851187475,237.92478177984222,0.006715654331247882
2023-04-19,-0.007516648543181775,236.33158294563088,0.006829392736964229
2023-04-20,-0.00947676063886436,233.77736246139935,0.007014154115895551
2023-04-21,-0.016882463784023517,231.05488611292773,0.007664508919542446
2023-04-24,-0.019240249949401694,226.50190245876675,0.008044368223974018
2023-04-25,-0.014599533673640001,223.7778315663841,0.007815415899029123
2023-04-26,-0.009779199543502192,222.77524021558622,0.007716959000880943
2023-04-27,-0.009429510327230136,221.1236215998143,0.007334056858545026
2023-04-28,-0.005259874106360967,219.14488429908224,0.0063604926242515885
2023-05-01,-0.003623141823479236,218.0895491549168,0.005721890736799876
2023-05-02,8.557315481900363e-05,217.25268282577804,0.005439905583499134
2023-05-03,-0.003820256986681677,214.76742830129763,0.004970044203574459
2023-05-04,0.0005198877685860942,213.517643254467,0.005073196945157521
2023-05-05,-0.004437961209980059,211.93985017051384,0.005108100883535567
2023-05-08,0.0015173311663904242,210.88320345266553,0.00550720683285501
2023-05-09,0.005346312782897802,212.80697975540352,0.0062065723405792805
2023-05-10,0.009541327917792058,212.22582959914098,0.007202312067960748
2023-05-11,0.01877548936213023,216.3329125077033,0.008980602712566068
2023-05-12,0.019387605692520363,219.38417086058323,0.010370061948356542
2023-05-15,0.019422841388385823,221.63790975839518,0.011384392251965737
2023-05-16,0.021667780163140606,225.99710126043286,0.012259867981082062
2023-05-17,0.01185315957014967,226.71625955263528,0.012472660435514418
2023-05-18,0.007956019414760053,227.80817575657235,0.012451451111051554
2023-05-19,0.0011006011992403923,227.56948403299705,0.012221250245897769
2023-05-22,0.003118046230887838,228.0376138114639,0.01147932289716236
2023-05-23,-0.0006011254178014863,227.8682622378275,0.010392757839128719
2023-05-24,0.004815997772096839,228.04019659586683,0.009552946136751611
2023-05-25,0.0069551643283558605,229.14848355849236,0.009011331769015751
2023-05-26,0.02812937712547722,234.95491642144023,0.009705806246803552
2023-05-29,0.02182071977783423,238.49227587972044,0.009823989531213273
2023-05-30,0.019297797553176073,243.79735427136134,0.009732417665480414
2023-05-31,0.00909278337332328,245.81057753607112,0.00950819748683
2023-06-01,0.009898475441813425,246.16099460022784,0.008998123295528742
2023-06-02,0.0065851363348442505,246.71475086832803,0.008764618155778
2023-06-05,0.013618377192610049,248.8622914325704,0.008081303800629117
2023-06-06,0.000816768009992901,243.11517570477602,0.008125444552047355
2023-06-07,0.008703966311250692,245.85433171213276,0.008033672429086675
2023-06-08,0.0007610837633678305,243.73550735141131,0.008363600513089185
2023-06-09,0.0006786020700815066,243.62569364181005,0.00846529578954993
2023-06-12,-0.002563949052473219,240.16230250124565,0.008633141826894324
2023-06-13,0.006977977748026921,240.3497321303589,0.008317430152701387
2023-06-14,0.0009900011440515924,241.55615331092952,0.00790740338886532
2023-06-15,-0.00473844480568162,240.62308184395798,0.008283174862484689
2023-06-16,0.002162296801640757,241.1018360074223,0.008340058864409363
2023-06-19,0.005239465680932246,242.0302974718322,0.00825321152874745
2023-06-20,0.004006240564502931,243.48759967900503,0.008235923906240866
2023-06-21,0.0011394842799315854,243.97867970665766,0.008166256091478443
2023-06-22,-0.002431846968751001,246.15253148692355,0.008407257871076455
2023-06-23,-0.006770581564914732,246.22004505364706,0.008892146952907425
2023-06-26,-0.0036849986060075563,246.67357810595172,0.007514856416541831
2023-06-27,0.0008097220172397272,246.21974015096978,0.006388449842718818
2023-06-28,0.002129898915988177,246.45676862619516,0.005242885025938569
2023-06-29,-0.0014508704625989983,247.44926469969303,0.005086904724847523
2023-06-30,-0.005533352347522487,246.72471466642787,0.005009221759585754
2023-07-03,0.003098280311417893,249.69741701762734,0.004881681998513542
2023-07-04,0.00457670421867572,252.5746516160617,0.004054874105195793
2023-07-05,0.0008669044932552373,254.06891389502172,0.004054954681033145
2023-07-06,0.004609207177138489,255.24356057558634,0.0037374931714067236
2023-07-07,0.0040187972302457185,255.63840806976296,0.0038149059284638995
2023-07-10,0.007414428664926152,258.5249142875156,0.00408875686076693
2023-07-11,0.002690792368366262,260.3145033255466,0.004020374395555844
2023-07-12,0.005268949254215154,261.4350544002322,0.003914397801337318
2023-07-13,-0.006278224290780156,262.00336109128955,0.0042383267025463064
2023-07-14,-0.001184681667027195,262.61186151316303,0.004073177036188908
2023-07-17,-0.0001366384051083797,264.13108880718704,0.004070861948252607
2023-07-18,-0.0017642747508531727,263.0300080955246,0.003981424692243005
2023-07-19,-0.005626731959236137,262.0889551596988,0.004115090083169035
2023-07-20,-0.0033766700238313987,262.4719554341887,0.0041747394664451085
2023-07-21,-0.01504908069741509,260.12352705191716,0.0052831737715704
2023-07-24,-0.01043415982382472,259.4359766012661,0.005546470317931695
2023-07-25,-0.01561665312591084,256.67343601362194,0.006392012688032294
2023-07-26,-0.017669676683895182,254.36211031318416,0.0072730863841238376
2023-07-27,-0.007461015026696314,253.61401037349768,0.007278529296171049
2023-07-28,-0.0026229381877006966,254.90152741437456,0.007272066402808128
2023-07-31,0.0028080513661644505,257.30851811417523,0.007346580468905686
2023-08-01,0.007289512690111344,260.6231533158278,0.007559266467057252
2023-08-02,0.006706789331966505,260.34755033275263,0.00766922753267651
2023-08-03,0.009578107349944723,261.6359790540162,0.00806691967087094
2023-08-04,0.012940431487690822,264.3938920031652,0.008583811040423016
2023-08-07,0.012016714634224926,267.18564724244885,0.00900153670290333
2023-08-08,0.005828582051671642,268.1646499935643,0.008934021742594344
2023-08-09,0.009652182790949369,269.28480039624816,0.009204886744541289
2023-08-10,0.007300142071389244,269.7006243909224,0.009281324558318307
2023-08-11,0.0032410880011468357,269.98463009471976,0.009223637669406278
2023-08-14,0.003123408023199712,268.2500910629863,0.00924783077876436
2023-08-15,0.0001993725885013854,267.1429897554237,0.009247810322016015
2023-08-16,0.009396638484670069,270.14744598390206,0.009456643822603679
2023-08-17,0.005114432064061452,272.55429967657574,0.009394308805349343
2023-08-18,0.004545208269838832,275.1389176979466,0.009364835590647236
2023-08-21,0.007693978148715262,277.76249435331295,0.008646365921519732
2023-08-22,0.00042073540831383846,280.9300415396919,0.008140775252868859
2023-08-23,0.004293441700415644,280.5995245816526,0.0069240337446972505
2023-08-24,-0.0033096001416398468,281.480689129923,0.005159167353378709
2023-08-25,0.005983232822690628,283.13226586419364,0.004344069280988983
2023-08-28,0.01672916112673072,286.10663974094524,0.004614001360301515
2023-08-29,0.009327904619958196,286.83025142111023,0.004589091208877119
2023-08-30,0.01731750592939713,291.54184641779443,0.005154128650517682
2023-08-31,0.011781872077061056,294.68136465868366,0.005255108276207904
2023-09-01,0.007007136456991554,298.50133881990104,0.005229119331066261
2023-09-04,0.0077920153021782705,299.1389090085453,0.005063186067632756
2023-09-05,0.015752578414440527,301.69170687632555,0.005310566419894929
2023-09-06,0.011947919181054477,304.70300830945735,0.005404127730574173
2023-09-07,0.01754212801900713,308.69918801008714,0.00582660013229863
2023-09-08,0.012639259848278767,311.85684180806317,0.005920732486410777
2023-09-11,0.021926856870244135,315.68733252260046,0.006537679440047705
2023-09-12,0.0022140849785534295,313.5344585124447,0.006580829283196626
2023-09-13,0.0020337471096547734,315.15990676368966,0.0064712155271587244
2023-09-14,0.004524301826836441,317.86449540106054,0.006541721418681368
2023-09-15,-0.002396310512750898,316.50237060104996,0.006942194605311946
2023-09-18,0.002054551343577969,313.7498834912285,0.00703150448262433
2023-09-19,-0.0036930157820900104,316.52128871796833,0.007500072839729865
2023-09-20,-0.0019290165871505187,320.1808352197652,0.007630634336943751
2023-09-21,-0.0043947982299336495,320.4838153179965,0.008043099732347805
2023-09-22,-0.012790183859004413,317.9316067372603,0.008883665065565925
2023-09-25,-0.005978199796903186,315.95166493269124,0.009307427872443437
2023-09-26,-0.003223849735590676,315.68566274135765,0.009192522996746421
2023-09-27,0.0027352228634084518,317.04294069612934,0.009157446326357272
2023-09-28,0.0008218521924668334,319.16610481270726,0.008736701270833837
2023-09-29,0.003969409705469021,321.38549688551626,0.008558323393046635
2023-10-02,-0.008830705039468126,320.94299169815,0.008945181570406604
2023-10-03,-0.0035614048935027425,320.06681476043536,0.008983236897194753
2023-10-04,-0.0036197386360456965,318.96351038586926,0.008531779899139922
2023-10-05,-0.03705222229951436,310.2909614269569,0.011663838828605704
2023-10-06,-0.028616350113401762,306.2994351467593,0.012360919261576831
2023-10-09,-0.020828201934870474,304.1131344484077,0.012400075393017821
2023-10-10,-0.02159241509818234,299.82220991219094,0.011335734717137681
2023-10-11,-0.018315351686726485,298.262420725394,0.011415850186255315
2023-10-12,0.010859865542814035,299.3157097041064,0.01194066748993386
2023-10-13,0.012870432176576754,304.4975720228825,0.012478298430076163
2023-10-16,0.008167828074258825,306.8508109387787,0.01287284441349496
2023-10-17,0.01712966143112943,312.8891058275073,0.013754015804774262
2023-10-18,0.023312667599232725,314.9093912241539,0.015135609243710145
2023-10-19,0.02559281838289693,317.8670706307317,0.016485001517758953
2023-10-20,0.023137669782860467,326.22575596368006,0.017437233099775483
2023-10-23,0.026974362209113343,335.0145503479122,0.01831050762904645
2023-10-24,0.020474076748447177,340.2996023699349,0.018769207579100576
2023-10-25,0.022591727546840457,343.9776133781983,0.019286218526714135
2023-10-26,0.0019342612384170394,339.3100213734605,0.01928689003364774
2023-10-27,-0.0018669412054294291,339.1615658743953,0.01930846974068198
2023-10-30,-0.001755613314138266,337.2916441391425,0.01932725613394664
2023-10-31,-0.0044684475533855635,337.3043563851278,0.019225513183494497
2023-11-01,0.001685892400749982,339.422270031433,0.01917756958412558
2023-11-02,0.0017537384553787533,340.5795328174672,0.01912486320262119
2023-11-03,-0.0012885786788416661,340.5912421700879,0.016840360197800542
2023-11-06,-0.0037995327926827437,341.50044127647834,0.015177496747995659
2023-11-07,-0.0054688076843074146,341.9406095694862,0.014164556019752401
2023-11-08,0.0010631198555128357,340.4915717510423,0.012699494583199142
2023-11-09,-0.005863824342621139,335.902206737785,0.011676175725587105
2023-11-10,-0.004167961617026413,329.458956786137,0.011964522859103335
2023-11-13,0.0048254249127933635,325.9862234898923,0.011913470514150095
2023-11-14,0.010920331086343688,325.3105950323853,0.011940442035947348
2023-11-15,0.02072215536856852,332.6787573610029,0.012113216655806454
2023-11-16,0.008367279512493936,331.3351383519294,0.011560665574248176
2023-11-17,0.008937958853575272,329.34296222312094,0.010744516599718581
2023-11-20,0.009465448155902133,330.5659198231079,0.010041461490372414
2023-11-21,0.00363979518866814,331.44407425641504,0.008726631849039577
2023-11-22,-0.0018050942937632196,333.9194631536778,0.007967445218788177
2023-11-23,0.0017754456502133643,334.98997851508824,0.00660089205742912
2023-11-24,-0.0011145362832956063,336.2813087349767,0.006638695668492664
2023-11-27,0.0012312520889935657,337.8226385732129,0.006583148550795113
2023-11-28,-0.0023318985782499672,338.47940225117276,0.0066013163025301766
2023-11-29,-0.003356986177391682,337.14480862389775,0.006550286686086785
2023-11-30,-0.008087173575418515,334.6972395889383,0.006921701451601799
2023-12-01,-0.007522560184722405,334.2046128549864,0.007207303985444668
2023-12-04,-0.007313984214375713,333.16792129275007,0.007429706664845379
2023-12-05,-0.00451979738917556,331.9949076308638,0.007454388362555223
2023-12-06,-0.00835070251499396,330.542646801374,0.007603000832755013
2023-12-07,-0.005885918544701354,330.1518380035034,0.007740335078804826
2023-12-08,-0.002430787641168191,331.73386315476546,0.007635743545918065
2023-12-11,-0.00644561464086734,330.12682268720414,0.0077228170080104915
2023-12-12,-0.006496014138392662,327.23113726459934,0.007801303237642199
2023-12-13,-0.011402582172433152,323.3992423869668,0.007755527552741368
2023-12-14,-0.011154467853511423,322.1882588341805,0.006244984956485939
2023-12-15,-0.013762104773577354,319.66641707029066,0.00616670539087456
2023-12-18,-0.01499796065348369,317.85535217724816,0.005928588725793206
2023-12-19,-0.005305089641398496,313.6133075761982,0.00494587310606855
2023-12-20,-0.004932911119365869,310.59454182415783,0.004485575157461473
2023-12-21,-0.003046862539089259,309.9976664656102,0.004436607946709375
2023-12-22,-0.010260778653424214,308.0894594279469,0.004153895201967618
2023-12-25,-0.002887051217481666,304.38564889484456,0.004054816760226086
2023-12-26,0.0013736797657627538,305.3464090992516,0.004068721085550284
2023-12-27,0.005161584176053612,309.93949475033423,0.004737633633085239
2023-12-28,0.01201059030077293,314.06266266945283,0.006177721060514105
2023-12-29,0.0029701833752107595,314.31312048279227,0.006416033835347656
2024-01-01,-0.0021810003122531385,312.9018530600228,0.0064173042840001025
2024-01-02,-0.0028725359755631175,312.85534839690706,0.006401925087170585
2024-01-03,-0.010156966112287011,311.05543905390226,0.006518008497499953
2024-01-04,0.0006871231472616895,311.6749997270534,0.0065708375825388856
2024-01-05,-0.009664400894412823,312.7800263405414,0.006665142945070572
2024-01-08,-0.006021805114053071,313.29837902406825,0.006653796865491523
2024-01-09,-0.0010957555874804702,316.56408638251463,0.006687263134029442
2024-01-10,-0.0008260824415035829,319.5061380964117,0.00671610553149941
2024-01-11,-0.0022370058463505546,320.2876323412228,0.006520128278901865
2024-01-12,0.006160637402757605,324.76903855397273,0.006633629050592472
2024-01-15,0.00385278832520205,330.28595246024287,0.006303140861924531
2024-01-16,0.004647039258853882,333.379467669551,0.005725804593550252
2024-01-17,-0.00041846537802779307,335.33036737492347,0.005648233894720119
2024-01-18,-0.007083199275767061,334.930149560844,0.005742937894412415
2024-01-19,0.0023860638313214343,338.2974718739273,0.00577042700180839
2024-01-22,0.0039052007380674224,344.9690820545647,0.005424795914160723
2024-01-23,0.00577501366879496,348.94067237629866,0.005531273144135272
2024-01-24,0.0017406971678328026,349.7561090501792,0.005535402049149008
2024-01-25,0.011160829372722914,357.9260660341907,0.005937891243413532
2024-01-26,0.010397951447047167,362.69874946905367,0.00579166138583518
2024-01-29,0.0013024026131078917,364.86694385142204,0.005767910822145579
2024-01-30,0.008810721754782215,366.53307567015344,0.006010795476702807
2024-01-31,0.0075215507259455494,371.5115491513,0.006105435758285625
2024-02-01,-0.00022737514933260383,371.08658097954935,0.005516116568511586
2024-02-02,0.0028307222032786876,372.24109957533983,0.005511573225561997
2024-02-05,0.010275341084721421,371.00820985242757,0.005095568599807433
2024-02-06,0.012562499066697944,369.7808352632465,0.005065327905430605
2024-02-07,0.0020744110444993152,366.19473577370997,0.0049557339292487
2024-02-08,-0.0010103373102322672,364.0069460545374,0.0049649144102032515
2024-02-09,-0.007780380859583889,360.6362060648471,0.005438966054377782
2024-02-12,-0.010949387949895006,358.979811328867,0.006277681854432953
2024-02-13,-0.013154192259598385,351.4142975676177,0.00718560238401757
2024-02-14,-0.013825470882721945,350.07197590029085,0.007952091725117254
2024-02-15,-0.005301002044173012,349.44413192361964,0.008073823895755675
2024-02-16,-0.004214719998309931,346.7137602266626,0.007953249186858902
2024-02-19,-0.009036426643168262,343.47737269554494,0.008249993574687722
2024-02-20,-0.010382297058353293,339.80249567135206,0.008548581478781698
2024-02-21,-0.008292679516679273,337.6251846935448,0.00861871132651053
2024-02-22,-0.014567047885112185,333.1893257483121,0.009105162613011409
2024-02-23,-0.011219483046165312,328.7635540354528,0.008853672306627385
2024-02-26,-0.01367494343527522,324.8381635790779,0.008645268786057467
2024-02-27,-0.0023708486968336863,323.4248887597286,0.008575308464853978
2024-02-28,-0.0002409826953070317,323.00246437221153,0.008119777257118394
2024-02-29,-0.004934961377120974,320.41949633842995,0.007652027986839564
2024-03-01,-0.0013441254378637878,317.71164006710404,0.007621563794577853
2024-03-04,0.0030676232758733908,318.63516762405106,0.007633866470071509
2024-03-05,0.0028600139563034915,319.0148040846493,0.0070421031415063935
2024-03-06,0.0008101625783169447,319.1676120529688,0.00592885290781173
2024-03-07,0.007127104987112253,320.90214953842707,0.006355020714031257
2024-03-08,-0.005566040606957067,317.7715625574411,0.006266225299029061
2024-03-11,-0.004269382607531673,316.25538842152736,0.006259166908607966
2024-03-12,-0.006241720766494288,314.3438639964954,0.006144617196265968
2024-03-13,-0.003033347577754996,312.1026504185572,0.0059035758810297295
2024-03-14,-0.005731840250390286,308.82177800525227,0.00555113546619702
2024-03-15,-0.0031341307868174018,308.01480992962206,0.00555754890008699
2024-03-18,0.004381056166128009,307.47902100352843,0.005886044226172744
2024-03-19,0.002903643043685659,304.4620242686189,0.005960103140460017
2024-03-20,0.012683696213082194,307.2356826636804,0.006709864054962476
2024-03-21,0.013483536881599244,310.99940153553524,0.007403487793512382
2024-03-22,0.010205732683371433,313.1838293900275,0.007167341822675108
2024-03-25,0.0026269670065807564,312.3805130820227,0.0067264423433352335
2024-03-26,0.02152783564551326,316.5880536557731,0.007382829270564142
2024-03-27,0.013914018758229585,318.2745120131994,0.007732969460273387
2024-03-28,0.005566625642244565,316.8300255213118,0.00771850881203698
2024-03-29,0.016784880068215813,317.21259712480236,0.008025054643561768
2024-04-01,0.018251559401532533,318.88629125915395,0.008472501459998599
2024-04-02,0.01699673653555343,321.861651222346,0.008838397018985882
2024-04-03,0.0069579204922237846,322.60937720694193,0.008815064867826166
2024-04-04,-0.008165063144856682,317.1691948517197,0.009284921837053347
2024-04-05,-0.0006447668577493668,314.14730960496746,0.009374806218346214
2024-04-08,0.008078378969341054,314.720042814068,0.009057772597198185
2024-04-09,0.007772175208465504,313.9011541893979,0.008760473066900263
2024-04-10,0.004635095096016042,315.5983352722455,0.008281829357428782
2024-04-11,0.009741286956394679,316.5484676907533,0.007974936670919594
2024-04-12,0.016526819086089377,318.2999467158471,0.007589369698536639
2024-04-15,0.01840726556877863,322.1166394586323,0.007373442388083163
2024-04-16,0.0191347106766567,325.53827161037583,0.007547205716428831
2024-04-17,0.01626870218453483,326.78179588682,0.0074506155206136016
2024-04-18,0.01422276865909826,328.27768425420965,0.007475654091696893
2024-04-19,0.013985666951384576,330.93641314890795,0.007484585775656833
2024-04-22,0.0067641978011916985,333.04765265741963,0.007542267824237671
2024-04-23,0.009400075757101682,335.0655098870368,0.007311106406350574
2024-04-24,0.006949199712275686,335.24417059891294,0.0069699956663149265
2024-04-25,0.007419790993851397,335.7820490693657,0.006957330539557328
2024-04-26,-0.000584871753265041,330.9436653336523,0.007285714288338507
2024-04-29,0.0007485803551176276,328.249077959412,0.0073731432819639925
2024-04-30,-0.0019095396246319016,327.47286288366337,0.007445667848095912
2024-05-01,-0.003468973261506865,325.9946853784217,0.0075781966852536695
2024-05-02,-0.007221123746066781,322.68626207368897,0.008210729380612415
2024-05-03,-0.006297465313155343,321.1645938054812,0.008051673585788713
2024-05-06,0.0008529222239035513,320.63417433384643,0.007990103177007785
2024-05-07,0.005999781258497806,320.4790109551673,0.007985497058122914
2024-05-08,0.006272240585466521,321.533120383219,0.007981529559528414
2024-05-09,0.006651307332013336,322.64158399846764,0.007969281814653048
2024-05-10,0.004747516067033183,323.27495711619434,0.007947220885807599
2024-05-13,-0.002182594296732944,323.0868876382879,0.007805263890258743
2024-05-14,0.0032994437830830216,325.9035119346374,0.00723453116220018
2024-05-15,-0.0019079984272723477,326.64153249883594,0.006579142533278249
2024-05-16,-0.006123692826234075,324.64050713026927,0.0062661128917743504
2024-05-17,-0.006307898602755516,320.5577475471334,0.005980690165359327
2024-05-20,-0.009161542006500227,317.1268136265639,0.005744350662254859
2024-05-21,-0.001766496755270789,311.28291927194067,0.005590961678719931
2024-05-22,-0.0006337280476328986,309.6233892776716,0.005184552065645632
2024-05-23,0.002467525801425989,310.5933684792851,0.004962148376907359
2024-05-24,-0.00427448220125258,310.0291340207057,0.004685196954123578
2024-05-27,0.0024607243402537016,312.3408224382706,0.004745135921353434
2024-05-28,0.002162759003082344,312.8594059360019,0.004778805258674222
2024-05-29,-0.007852063080677983,310.49159145444474,0.005019054220115493
2024-05-30,-0.0026204315752366147,308.75260200506824,0.005002087261594641
2024-05-31,0.003269478354791878,307.71502191901334,0.0048741045576640996
2024-06-03,-0.008447711632881834,305.06811873431593,0.005021863123058066
2024-06-04,0.006043947782972535,305.21013271806777,0.0052219477005795625
2024-06-05,-0.01084687004237629,302.1226887262705,0.005481039333128827
2024-06-06,-0.003905179738710641,301.686394303255,0.0052336541352185195
2024-06-07,0.00424932769854497,301.02636796516305,0.005066432400535818
2024-06-10,0.0012603970336214658,300.7921376552136,0.004896161059486654
2024-06-11,0.01398542134203635,307.694807616469,0.006002828117100203
2024-06-12,0.010848465725378238,311.0903320263175,0.006490337605924582
2024-06-13,-0.049219754919483,299.0674715397566,0.012405224876638091
2024-06-14,-0.03587568593453578,292.4986152365884,0.014322523333242274
2024-06-17,-0.03650985712956779,290.0110715883416,0.015939866505905294
2024-06-18,-0.0319386620458851,284.52097068848326,0.016916332610845377
2024-06-19,-0.018884263699569675,279.15324147224663,0.017062980669323564
2024-06-20,-0.01573945784624899,275.51789113675375,0.017063201873033874
2024-06-21,-0.033614826122568976,264.3358787851651,0.01770388496650458
2024-06-24,-0.02335527916169899,258.3075200405713,0.017870218618945003
2024-06-25,-0.02862544083494548,248.15700871460658,0.01797205223039154
2024-06-26,0.01985446178737025,245.56028856163928,0.019081474040510426
2024-06-27,0.02043510025026829,250.0825570346467,0.020331993875805705
2024-06-28,0.02446363829553262,254.55627645602468,0.021669114641125812
2024-07-01,0.012959953006316097,256.2133054453116,0.02204712814034054
2024-07-02,0.018767399676849875,257.7057779376658,0.022848481956037853
2024-07-03,0.012805327452574717,258.0378413576038,0.0230938955943286
2024-07-04,0.0121269980353588,259.95901656924116,0.02344845061634334
2024-07-05,0.008334215078947929,261.81770705777666,0.023654219534560973
2024-07-08,0.0002955291652743178,260.960631025768,0.02358911246580277
2024-07-09,0.008773847856857165,261.7600502297848,0.02375478650691839
2024-07-10,0.007428983929354903,262.7118665866123,0.023531459232521562
2024-07-11,0.010922930340834566,264.3820873567924,0.02353406022148542
2024-07-12,0.01030322429763355,267.32652278130433,0.02150913488436632
2024-07-15,0.023546476256996855,272.61340245173096,0.02082675079991592
2024-07-16,0.015921828064205588,275.95879656188674,0.019304094214979806
2024-07-17,0.019106930850463735,279.0942093239108,0.01789910228880738
2024-07-18,0.017376433770170247,282.7778013662915,0.017211632723600052
2024-07-19,0.010361685224187315,285.6030609794088,0.016429839125252046
2024-07-22,0.021916401707637378,291.2210488759409,0.013625012493588221
2024-07-23,0.020411136377505266,295.9731414052235,0.011314219753163378
2024-07-24,0.008458795009633062,298.74529658446335,0.006333086613611159
2024-07-25,0.006112721974067615,300.8295712541065,0.006461180381801446
2024-07-26,0.009788090516733546,304.811799596304,0.006335036832538085
2024-07-29,-0.00015877422027113391,304.77506527170186,0.006451222775211744
2024-07-30,0.004458531056540038,304.13209094542384,0.006662426803484115
2024-07-31,-0.002357694761925344,303.103976712853,0.007130609862502671
2024-08-01,0.004210508869590732,303.17846281599947,0.0072528792647495975
2024-08-02,0.004324014404564201,304.7620833680704,0.007356399423761432
2024-08-05,0.0017178658417573726,303.52496785564796,0.007568930193995453
2024-08-06,0.012757320799484032,305.93030293510157,0.007280825952786059
2024-08-07,0.008129082082828486,308.11149854495915,0.007288744962275135
2024-08-08,0.013711206715416485,311.4277762669282,0.007297142485927918
2024-08-09,0.007737397329056393,310.454582590968,0.0073215197280054245
2024-08-12,0.00806009101440438,311.7675884056652,0.007338930911789442
2024-08-13,0.0018998009066984066,312.05133214460307,0.006886637274035792
2024-08-14,0.005675496660369953,311.8169770485376,0.0067508541274491265
2024-08-15,-6.849814299182905e-05,310.8814445378908,0.006574094705402806
2024-08-16,-0.009138138689498275,306.56688094432883,0.007169071884156548
2024-08-19,-0.007972116209868652,305.16487274267166,0.007775174172128773
2024-08-20,-0.002989415999780174,303.42645023925417,0.007042724524482513
2024-08-21,-0.000604869629342168,302.4918493242617,0.006100811561471671
2024-08-22,0.005747065057536802,303.99546116548345,0.006019021733169841
2024-08-23,-0.004729389562482546,302.0187683456108,0.006234303600024107
2024-08-26,-0.004473573746345841,299.12709200496397,0.0062193853163954186
2024-08-27,-0.00731765877404428,295.67915705572454,0.006542234221531841
2024-08-28,0.0005774023267700514,294.86480397200506,0.006519537466900273
2024-08-29,-0.0022666029738216964,293.9687881129012,0.006516759197693247
2024-08-30,-0.0022580322825234422,293.71009256605237,0.006543296738835875
2024-09-02,-0.0058428426845505465,292.0053797927705,0.006687405435068006
2024-09-03,0.001411989676103685,292.6753985519457,0.006685808204467656
2024-09-04,0.0031568574406249587,294.3504472322459,0.006137295338836949
2024-09-05,0.005072730700154181,295.3932945195568,0.005979096639155515
2024-09-06,0.000647975912858032,294.8768081444496,0.005128318158082925
2024-09-09,-0.0035289983513694025,292.02635912675254,0.004818197835262133
2024-09-10,-0.0014598383630928045,291.4997909239115,0.004358773912699765
2024-09-11,-0.013208355478060018,287.6713500143056,0.004995042624469894
2024-09-12,-0.006917697919854114,284.27428054243586,0.004768889417979445
2024-09-13,-0.006879509252059996,281.0401596811843,0.004814195456609657
2024-09-16,-0.004494215207080704,278.8872925196519,0.00462085816496589
2024-09-17,-0.006994214170345779,276.1239715281601,0.004570546221655147
2024-09-18,-0.011646580691189437,273.6391899385239,0.004968146612085866
2024-09-19,0.004902956277507506,273.2683232467681,0.0052464423850049355
2024-09-20,-0.0023132547522518375,271.1004172558332,0.004864609907093198
2024-09-23,0.0070654102015329,272.7432638187062,0.005344306484725632
2024-09-24,0.003554776262461225,272.89309448336206,0.005496317607021844
2024-09-25,-0.0032942642826567325,270.8065461870594,0.005382372536827229
2024-09-26,0.004684122788836772,271.00265813093097,0.00555739005494679
2024-09-27,0.01070622622741584,274.1241001701472,0.006202154631684462
2024-09-30,0.01212681019599954,278.93748755796975,0.00685310496001943
2024-10-01,-9.623507529303663e-05,279.7552818619108,0.006748520134390544
2024-10-02,0.0018899939001322426,280.35243611060895,0.006755588590108689
2024-10-03,0.0015807826884986934,281.5676886124365,0.006723540243351521
2024-10-04,0.0020294742825040044,281.5115789247022,0.006631636473201413
2024-10-07,0.011628196495859772,284.82503513298695,0.007144239395192212
2024-10-08,0.007117520371990717,286.72007686483704,0.007260456398082568
2024-10-09,0.006855570312567353,288.0159776666516,0.007375480750904082
2024-10-10,0.006271718087750293,291.7996554192739,0.006711227876685877
2024-10-11,0.012173162322903927,294.6394323528369,0.006764249034441284
2024-10-14,0.014774921383142486,298.95597251943894,0.006879176479230235
2024-10-15,0.017386789848237372,303.1280365877261,0.007218485521796692
2024-10-16,0.014950542999068187,304.8554209475787,0.007014116332111714
2024-10-17,0.01901249406042142,308.9941082774908,0.006355236036423146
2024-10-18,0.010788641007542961,312.586370751711,0.006374635488117553
2024-10-21,0.007457946095770297,314.4785139561575,0.005960613114229627
2024-10-22,0.0017502250346882796,314.1380362102537,0.006114554497481577
2024-10-23,0.007262571611384942,314.5944964135048,0.00603956495223726
2024-10-24,0.0008299701957467683,314.22614450776007,0.0057137385472148545
2024-10-25,0.007858412407687976,316.3028522471377,0.0056591499407053466
2024-10-28,0.007729761200404178,319.4728078637912,0.005633155129842014
2024-10-29,0.0022583995402525306,321.2065847385165,0.005697028801931206
2024-10-30,0.0012913657858534394,321.91396532275587,0.005609569335455681
2024-10-31,0.003847829948239335,323.0431410932603,0.005522781956228489
2024-11-01,-0.005391281235474399,321.59485668524025,0.006098115642161255
2024-11-04,-0.004227022632340014,320.5348482788831,0.006518058202992611
2024-11-05,-0.0014806940885768016,320.12143948337786,0.0066999932541967734
2024-11-06,-0.011873500913444792,316.1208126454541,0.007814984274157034
2024-11-07,-0.014307491611354006,311.7335793913813,0.008940832019511935
2024-11-08,-0.009640152168192763,308.7522974000245,0.00945879123049311
2024-11-11,-0.009342121871866131,306.41417139658125,0.009683421167439829
2024-11-12,-0.013029099931471319,302.52842125928396,0.009877708253426001
2024-11-13,-0.00403585020488287,301.2778485388504,0.00924964078026633
2024-11-14,-0.009807719271110576,298.7711279912848,0.008894420096876736
2024-11-15,-0.01019790469507026,296.11824606922335,0.007898761895739717
2024-11-18,-0.007655747154464806,293.5839518446385,0.007414831210081453
2024-11-19,-0.004977214922119778,291.99072918322116,0.007033822194791025
2024-11-20,-0.00223327819593552,292.1401104113139,0.006938713123503556
2024-11-21,0.0008514706533917393,291.95127220916515,0.00656448446024341
2024-11-22,-0.00292640961665541,291.5428026681747,0.00647753293899793
2024-11-25,0.0002954237883007885,291.42732652118804,0.0059661761320625485
2024-11-26,-0.0022218148899688125,290.9069328072512,0.005303203892838025
2024-11-27,-0.0035877402535279524,290.7563037621672,0.0050510980977306885
2024-11-28,-0.005445960255231777,288.76516121082176,0.004822360845238054
2024-11-29,-0.01345002225538919,283.9424455408386,0.00460200152702854
2024-12-02,0.0027389437053035345,284.2411512288186,0.00501569286949333
2024-12-03,0.002658181296841629,284.25802341630566,0.005352896127537602
2024-12-04,-0.0011458358862657012,283.38480811787105,0.00536656999309125
2024-12-05,0.00564537266705423,284.77183116748125,0.005706930496807694
2024-12-06,0.013247508894388227,288.44067399678516,0.006531495888540043
2024-12-09,0.00714030291644966,290.33245979667055,0.00676952413505436
2024-12-10,0.008937693326574757,293.0656641606921,0.007047312842093513
2024-12-11,0.003019291788164378,293.532198483371,0.0066343811088905285
2024-12-12,0.0027888507611757256,294.9133163189312,0.006650637624508352
2024-12-13,0.007198679078768036,297.2729437609042,0.006530392321802998
2024-12-16,0.004132097301625171,298.1461405781797,0.006145287507718766
2024-12-17,0.00766539204714678,300.32312136263243,0.006009822559590843
2024-12-18,0.01382625131729974,304.8854971631933,0.006393740664909488
2024-12-19,0.004653436511863886,306.896326415375,0.006323688646724864
2024-12-20,0.0022581942240467484,307.4269254120895,0.006310925505223439
2024-12-23,-0.0073322561307663054,305.656473793922,0.0065761931981857405
2024-12-24,-0.04736426953967846,290.94753611952484,0.012729329851358719
2024-12-25,-0.03941029694090623,281.0538806325331,0.015398193788359871
2024-12-26,-0.033715228651748,271.4844567300367,0.016928366206439133
2024-12-27,-0.03942364779430122,264.10045893609754,0.018708957123460077
2024-12-30,-0.03413577712679234,256.0328154640372,0.019717355075636406
2024-12-31,-0.02546657769040656,251.54172095260836,0.02008156070955456
2025-01-01,-0.02704021067066432,247.8736561771383,0.020417969956054046
2025-01-02,0.004779101921470466,250.26985724874314,0.020562348901126012
2025-01-03,0.010727184109478247,253.08782996354185,0.020760267123837658
2025-01-06,0.008445608165453663,254.53089226948313,0.020542308328854196
2025-01-07,0.013288707107714478,258.26036886292417,0.02081116757215673
2025-01-08,0.011665997043690169,260.84059934738906,0.02092855705001137
2025-01-09,0.01016734844428202,262.1562761034116,0.021166550207266117
2025-01-10,0.014849333465068506,265.2499791465835,0.02161154795486627
2025-01-13,0.006156888251943757,267.12553062387605,0.021579273913986806
2025-01-14,0.005520124990238825,269.06795065913883,0.021616292862473352
2025-01-15,-0.0035794010284407435,268.74412176502716,0.021381660270100335
2025-01-16,0.00825618326818825,271.0017620508202,0.02114102441571141
2025-01-17,0.01337878565489112,273.5217694004838,0.021474153606902375
2025-01-20,0.012014742340165393,276.1027952262203,0.02178876326297704
2025-01-21,0.008905163835865114,277.86284585370316,0.022047371494814345
2025-01-22,0.0026855039159839286,277.704951883406,0.019934544717161617
2025-01-23,-0.006435276997547858,273.51207384595233,0.018179769167511135
2025-01-24,0.0022907098110008964,274.3005605264697,0.01665902122918637
2025-01-27,0.0073220414137114805,275.79595133256686,0.01406933538884089
2025-01-28,0.008331830041493503,277.3029105971405,0.011401921101036305
2025-01-29,0.011191615660223036,280.46034092894956,0.009251003162760528
2025-01-30,0.0034933474342354813,280.6500005373294,0.005435092343971568
2025-01-31,0.014956177461921202,284.7472859326262,0.0056479372579493385
2025-02-03,0.011603160514714828,287.55662624819934,0.005673874131071891
2025-02-04,0.005559324152136058,289.66670777954226,0.005693236579225691
2025-02-05,-0.0031206080584548976,288.83449552161824,0.006004861262524426
2025-02-06,-0.0024237049211249446,287.44959708412483,0.006230371570849653
2025-02-07,-0.023867824818419203,281.3639102726923,0.00897918719652191
2025-02-10,-0.027361811685354342,273.6158320674254,0.011059249977919492
2025-02-11,-0.025485053767811985,266.9036474546466,0.01260043028037036
2025-02-12,-0.020377017636536075,260.94865908842377,0.013389433140409471
2025-02-13,-0.014723817535312546,258.1713520672245,0.013749140701929886
2025-02-14,-0.02352638924862697,253.8974376802835,0.01445027882680609
2025-02-17,-0.01328853256157581,252.80970759840147,0.014184772804872596
2025-02-18,-0.01775501343315488,249.1979494899788,0.014049871452489074
2025-02-19,-0.007241385616965996,247.9591084985486,0.013696361230417143
2025-02-20,-0.00990122997087614,245.7501111556695,0.013589382963753735
2025-02-21,-0.005484020526658004,244.2912031517126,0.013590238137797066
2025-02-24,-0.006038388870454468,243.22762033871575,0.013451454737935022
2025-02-25,-0.0010130684150772256,243.21099352330745,0.01314017174414008
2025-02-26,-0.007807908467205016,241.57385246807095,0.012663484112519574
2025-02-27,-0.007389359759723133,239.0841936889768,0.011900473086758305
2025-02-28,-0.0023401133572691427,238.60617180060646,0.01166921668260587
2025-03-03,-0.003586068475642285,240.32419562710223,0.010406578075437514
2025-03-04,-0.0037644335181325783,239.3248292590122,0.009309571969836483
2025-03-05,0.001081139253409517,239.0853613905953,0.008967838109529891
2025-03-06,0.0004882939631871602,239.13159037919567,0.009153683858155069
2025-03-07,0.004508674841832789,239.26346276659055,0.009577071407819856
2025-03-10,-0.005451728589920948,238.0940519492307,0.009097179286670282
2025-03-11,0.000488053128108091,239.30373870279504,0.008339321689535025
2025-03-12,0.0013474473995776677,239.45325170390916,0.007549174120407405
2025-03-13,-0.007285146918171018,238.32863084859602,0.006878446811182542
2025-03-14,-0.004574016707480687,237.5321944118216,0.006594986423061074
2025-03-17,-0.009685370065280245,234.3795715813899,0.005278822333600101
2025-03-18,-0.005287462711745691,233.86331670239497,0.004926556453181594
2025-03-19,-0.010797616790260324,232.63657011920176,0.004174509527297989
2025-03-20,-0.011190901551344315,230.4141360367487,0.004397917594408296
2025-03-21,-0.011203528220763134,228.3401039688072,0.0044867478808592745
2025-03-24,-0.017564806824555166,226.1709623161798,0.005314276105375755
2025-03-25,-0.010200209054846107,225.61999696539831,0.005427479732635084
2025-03-26,-0.009293469345947547,223.5237284920103,0.0054014461711254964
2025-03-27,-0.006101123032022097,222.6685112095815,0.00538080009472077
2025-03-28,-0.0026527811924949066,223.23988868966683,0.005401699501632914
2025-03-31,0.004839978780379989,223.21088656983906,0.0058153998386763555
2025-04-01,0.0012120127810516946,224.5639454722332,0.005967728145969947
2025-04-02,0.00864784082269476,227.58290607531845,0.006652257001097679
2025-04-03,0.009436906661646613,229.43680108558635,0.007211720754342102
2025-04-04,0.004761970430207852,230.64714661299948,0.007397424182349897
2025-04-07,0.0013309452636631588,231.1403421281381,0.007253915114966486
2025-04-08,-0.008679086466150716,230.07184576227675,0.007325108614284958
2025-04-09,-0.007239502486990402,229.27875234428373,0.007286264370573649
2025-04-10,-0.015506810251418748,226.71138636589342,0.007556986539238526
2025-04-11,0.0010922833214493596,227.58987610559507,0.007656155483024497
2025-04-14,0.0004723200453481743,227.97735647693776,0.007738982381391782
2025-04-15,-0.010365810585030938,227.94548710130388,0.007763350977476197
2025-04-16,-0.014645037025003018,225.71653863180515,0.008073761511955
2025-04-17,-0.013456649472534013,225.33178156448295,0.008190302654993155
2025-04-18,-0.00808602973086974,224.23573436474848,0.008101680186946366
2025-04-21,-0.012117737877146024,222.6083234732839,0.008139532353855493
2025-04-22,-0.0007579570161006535,223.86384418967387,0.007649485047725085
2025-04-23,-1.7675663000842072e-05,225.22361549786072,0.007569608120668614
2025-04-24,0.0005934913613750419,226.76784572276622,0.00750976235700454
2025-04-25,0.0021303168448777044,227.50510832172287,0.007565480866763689
2025-04-28,0.001089117895291213,228.9335635392239,0.007613279844074976
2025-04-29,-0.0036310503538316357,229.21548707587604,0.007419557694184348
2025-04-30,-0.0034096844560698755,229.22035609796248,0.007355550112192766
2025-05-01,-0.00012368902410836148,229.2435814805726,0.0068794755230908765
2025-05-02,0.002364800211159025,229.85925287627322,0.006359048050465766
2025-05-05,0.0036009680672542854,230.96717290339828,0.006283573694558302
2025-05-06,-0.0007021702715653812,230.67350534301374,0.006211529675982078
2025-05-07,-0.003835159923844709,229.46300532117422,0.006124722448450175
2025-05-08,-0.0020895247276851007,228.94490044916537,0.006088623430006724
2025-05-09,-0.008755094642743272,228.4760964952384,0.005591141890340835
2025-05-12,-0.004095171830803746,227.75304722904653,0.005498223072849838
2025-05-13,-0.0012684759604867288,229.3709561602877,0.005446456124689177
2025-05-14,-0.0019448805972174608,230.07169411747304,0.005236652897989201
2025-05-15,0.0020866662198415387,232.4158898053015,0.004664754178783079
2025-05-16,0.003811774087047253,233.77410275061246,0.004127145836606823
2025-05-19,0.004563493541482004,234.53607427565646,0.004067204977826354
2025-05-20,0.0032812018793970895,235.12281067928086,0.003290038004586933
2025-05-21,-0.0014290756382178095,234.81005041016104,0.003297566919534533
2025-05-22,0.001508085256294432,235.98692640472748,0.0033224433506156945
2025-05-23,-0.00208592712693942,235.10546749146465,0.0033379159454562605
2025-05-26,-0.001952075075867318,235.0727412838121,0.0033002958855063392
2025-05-27,0.001344484124431897,235.7941633809411,0.0033073703059977133
2025-05-28,-0.003963785967366876,235.48052457273184,0.0033233371651119593
2025-05-29,-0.005952542370761839,235.49789432017954,0.0034728908618268683
2025-05-30,-0.005603366918503209,235.0402843889682,0.0036263750109728535
2025-06-02,-0.004657911124465603,234.22560961327054,0.003623840596773114
2025-06-03,-0.0006265060505150779,234.66444883973136,0.0034488396914966364
2025-06-04,-0.00195358517437523,234.4544288725408,0.003444425429236216
2025-06-05,-0.0049692680753755,233.761314394187,0.003489801094215443
2025-06-06,-0.0026134061952160508,231.72343890292277,0.0034949325488762488
2025-06-09,-0.005539060164718602,230.54228532464322,0.0032298027396846537
2025-06-10,-0.010104374066652953,229.8501602108546,0.003700629633416295
2025-06-11,-0.010623916703403314,228.30669107488652,0.004165723801946036
2025-06-12,-0.003960654930726302,227.6061313023017,0.004181336185776095
2025-06-13,-0.005723663443378966,226.46221190435074,0.004113377337265529
2025-06-16,-0.0065143044374829685,225.0025363435923,0.003904642694152063
2025-06-17,-0.00726834723218034,223.35357742937188,0.0035645064862371858
2025-06-18,0.009825764324958613,227.8981410663474,0.004400842231369306
2025-06-19,0.0125447586502861,230.34317081398157,0.005614036678896046
2025-06-20,0.013275008493352803,232.335943834485,0.006571535261732935
2025-06-23,0.007369655860263664,235.41013913368366,0.006898696219336952
2025-06-24,0.006488536443440721,236.7263299106377,0.007130979930797835
2025-06-25,0.006892461671762713,238.95241493534368,0.007337209361763352
2025-06-26,-0.004004983008814445,237.95823937272232,0.007338011072398351
2025-06-27,-0.010471201788138451,236.49336018631968,0.007549706608167545
2025-06-30,-0.0010456493350703116,236.3401924109967,0.007486405206794656
2025-07-01,-0.007222240857353673,235.41166586796672,0.007567342402428062
2025-07-02,-0.0008559441242760963,235.8629119828897,0.0075665631533289295
2025-07-03,0.0015654633606512803,236.43965563583325,0.007589383613305232
2025-07-04,0.013474282326391597,240.14989799049602,0.008163825622772316
2025-07-07,0.007094744525716317,242.34048266950103,0.008295028737158866
2025-07-08,-0.0024245874283885943,241.93177619410827,0.008213842740022919
2025-07-09,-0.006991691913754938,240.97353167429296,0.008041158360355407
2025-07-10,-0.012179432278559875,238.21057432695136,0.008155527650245376
2025-07-11,-0.0005683474743490882,239.18991641744222,0.008096767112931901
2025-07-14,-0.007198241872727798,237.77244397168616,0.008160777524354703
2025-07-15,-0.0005825162766793193,237.42668215994914,0.008004796393910966
2025-07-16,-0.003939831615193395,236.60753282774564,0.007867924326944347
2025-07-17,-0.004102762192970386,236.56739034495752,0.007671543137320468
2025-07-18,-0.006325233672963126,235.4017617040369,0.007264723634633205
2025-07-21,-0.01396878557906745,233.37818867772523,0.0071013649262906525
2025-07-22,-0.009466673970656316,231.96749941210007,0.006956531317254828
2025-07-23,-0.010221019022331551,230.29334640590983,0.006812076478086752
2025-07-24,-0.01621230057387683,227.59095827120345,0.006922334080280066
2025-07-25,-0.010906973913452883,227.14629259015803,0.00705746439819586
2025-07-28,-0.008256322091458644,226.39126520136355,0.006985968174577572
2025-07-29,-0.01101394667693833,223.5923023048421,0.007057986941358833
2025-07-30,-0.013254137852342862,221.8763134232063,0.00726194685057461
2025-07-31,-0.005495961143177453,221.15371147322276,0.007182465843647691
2025-08-01,-0.007506492779394882,219.83100427873742,0.006990038395987791
2025-08-04,-0.004714730304359853,219.6592372731357,0.005370537465893633
2025-08-05,-0.010919626636300249,219.4499718400525,0.004335796545332717
2025-08-06,-0.005249629218415847,219.84666379756425,0.004198528614575828
2025-08-07,-0.0003727755864919441,220.89496967574118,0.004518306980305142
2025-08-08,-0.006203799171380018,220.78700122039697,0.004411377170055841
2025-08-11,0.0019376988143214799,221.21374449861926,0.004635109727463472
2025-08-12,-0.002848070243634059,220.49886678840724,0.004737469208439138
2025-08-13,-0.002790064868447535,220.1628301034348,0.004607754508763089
2025-08-14,0.0011253761083901655,221.625351721285,0.004911181619749051
2025-08-15,0.0027799718700204762,223.2596362084615,0.005325593462432249
2025-08-18,0.0021770192605957274,224.74319505810342,0.005664788086293752
2025-08-19,-0.002888942985922732,223.62552856056323,0.00542128293394504
2025-08-20,-0.0009404112535305002,225.45186720953006,0.0054465521596229515
2025-08-21,-0.0028573259260700674,225.5486302824364,0.005351635073903915
2025-08-22,-0.004594245171327301,225.6246470075921,0.004691322338131277
2025-08-25,0.0042687085128184366,226.24817371473898,0.004809250151973132
2025-08-26,0.00261602516882256,225.9850027649555,0.004878502245792595
2025-08-27,0.008867588784767873,228.07206183139326,0.005200390022257334
2025-08-28,0.004983883594776639,228.89288395490647,0.004772887357847564
2025-08-29,0.023601736069445073,232.52148782045992,0.007146522294254607
2025-09-01,0.016917245795836918,234.58146144727016,0.00781600301892218
2025-09-02,0.02121231675122311,236.48875914012157,0.008820567792618311
2025-09-03,0.01183887305754962,239.22776173708687,0.008491607014179331
2025-09-04,0.005004636671537087,242.07821894534797,0.008254602633797882
2025-09-05,-0.004084506754877963,241.82082055860113,0.008391344233835642
2025-09-08,-0.0038786539905087507,238.62586770645495,0.008266951564432369
2025-09-09,-0.0032835658853631964,239.37181224005994,0.008407072951277602
2025-09-10,-0.005116421902508367,238.2153842529714,0.008509061370239736
2025-09-11,0.0018087371937906677,237.02419423722856,0.00839562906127505
2025-09-12,0.007164574197422296,237.36100442079837,0.008403275845593203
2025-09-15,-0.0006794617271158217,237.17402019655765,0.008463646217957015
2025-09-16,0.002714229464791362,238.0535561389619,0.008458952729394932
2025-09-17,-0.0035007461045667705,237.57840547289962,0.008484651600650931
2025-09-18,-0.0026166795127644,236.8739347098971,0.008540246013764602
2025-09-19,0.0008381556562873974,236.58155267175218,0.00843300564032573
2025-09-22,0.009278411544694281,237.0368124297335,0.008267523933085079
2025-09-23,-0.0002759298552199597,236.8846230789767,0.008337586516777755
2025-09-24,0.0015815438187989806,237.53897393553106,0.008351995867312655
2025-09-25,-0.010307572794075888,235.84727445378357,0.008871068880307868
2025-09-26,-0.005913316970670777,236.00990358080398,0.009094945467880033
2025-09-29,-0.009829971448565723,235.73334002904855,0.008182594893025722
2025-09-30,-0.011392226474430861,236.25321194208848,0.007817820451462926
2025-10-01,-0.012378209879153319,234.39830411958042,0.006609438678710807
2025-10-02,-0.014725155788672431,236.3329654503667,0.006454473565533163
2025-10-03,-0.01513219928109385,233.39960926053695,0.006721410090141147
2025-10-06,-0.012129266481972793,232.47709586048157,0.006963531483748832
2025-10-07,-0.005046435502077927,234.31432964228375,0.006965669653996245
2025-10-08,-0.010790708746047368,233.85994243633354,0.007105613401219358
2025-10-09,-0.0030199751635078074,233.41185446042024,0.007112612440030144
2025-10-10,-0.010959581401329757,229.3918732517437,0.007092698832330539
2025-10-13,0.0023235541430149395,232.8114056056556,0.006744225209464489
2025-10-14,-0.012993184241586448,231.3550869533045,0.006853944117705227
2025-10-15,-0.008446625174404239,233.59217756144758,0.006578300749352563
2025-10-16,-0.004872981962113014,235.19195557262375,0.006554318607551577
2025-10-17,-0.01063931766362892,234.50593444800464,0.0065495615386797264
2025-10-20,-0.0140125667724997,229.68510387217444,0.006473948510599207
2025-10-21,-0.013187885862605464,229.49575053879127,0.005293269583952067
2025-10-22,-0.005350019743355333,228.28106540501668,0.004998360705409325
2025-10-23,-0.008644082997922823,227.98712655786198,0.004385099938014564
2025-10-24,-0.012142216624083583,226.72503405399357,0.0044221571170236776
2025-10-27,-0.005250327811355991,227.17203193997503,0.0044512370046867825
2025-10-28,-0.011531359934447698,225.651416334764,0.004473771383038076
2025-10-29,-0.010768996380682823,224.69701289118902,0.004462917542119176
2025-10-30,-0.011891470420667826,221.51420059403196,0.004448514213093192
2025-10-31,-0.006223169338391563,219.97633481027563,0.004333270646297337
2025-11-03,0.004737761923164896,220.12181291695015,0.005055194953119543
2025-11-04,-0.00012184340906018383,223.3767360029251,0.005255926249825124
2025-11-05,0.00537563417316033,224.97856478594818,0.005951497222919219
2025-11-06,-0.0024990839506667524,224.1711986100386,0.005967136001880327
2025-11-07,-0.003994798095039131,222.78805674388204,0.005941037711298014
2025-11-10,0.004008590664783728,223.47619596930062,0.006294200540329994
2025-11-11,-0.005205596059971545,222.6792164900455,0.006003749263841957
2025-11-12,-0.002973394265826799,222.6978128739463,0.005846702320029068
2025-11-13,-0.0033437693927205847,222.49254531876798,0.005841053940096586
2025-11-14,-0.005522214443059132,223.18396036598654,0.005838484767917567
2025-11-17,-0.0023250981162832177,223.83355436398813,0.0057664885922030715
2025-11-18,-0.0010640868020320236,223.92916034617087,0.00547066118990357
2025-11-19,0.005290150538060912,224.61064291112837,0.00551672661943599
2025-11-20,-0.004316341281667369,222.16230520763233,0.0055066465205530985
2025-11-21,0.0025234261084857647,221.30722366948177,0.0055478015600440595
2025-11-24,0.0008145145365914784,222.90043121966224,0.005214250358260256
2025-11-25,0.007737021654391882,225.06252537865524,0.005635476761165446
2025-11-26,0.002440855775851191,226.01430127338986,0.0052621797647087265
2025-11-27,0.0052274888607975354,227.51267294395151,0.004972952790149315
2025-11-28,0.011067606856644811,228.84823863612644,0.0048752079556300554
2025-12-01,0.0019819757264887814,227.8599362233829,0.00462739930975863
2025-12-02,0.0039691634463828234,228.2283093036293,0.004598849989777191
2025-12-03,0.00475292276003168,229.6653156751499,0.00466679048026631
2025-12-04,0.003980980602985359,229.93590403698067,0.004613118683695489
2025-12-05,0.0034202926143437466,229.8686870149253,0.004564476928135824
2025-12-08,-0.006773637485702075,228.70606730281563,0.004763294955254349
2025-12-09,0.0035091626551254523,229.2444636779874,0.004749921561985867
2025-12-10,0.004608649015364972,228.83007915967224,0.004567514101556238
2025-12-11,0.008423520151809024,228.8417612268851,0.004664639479401939
2025-12-12,0.00652080921308067,229.38980714834327,0.004573232517523971
2025-12-15,0.003580264252238068,231.29209621561563,0.004170664900668739
2025-12-16,0.013533837160486971,232.3941256265829,0.004554879007694194
2025-12-17,0.01300474027171626,233.3453050849993,0.004820098014888594
2025-12-18,0.012959783204280146,237.31271196857338,0.005158618648723108
2025-12-19,0.009791931366812272,240.0031104719011,0.004804417994482845
2025-12-22,0.007284007524814296,240.87027528007025,0.004765385146611598
2025-12-23,0.0014792299147658977,241.65976105710413,0.004732697900524067
2025-12-24,0.0023837871861593267,242.3567931944455,0.004769064959444235
2025-12-25,0.006406309900981433,243.27958447671654,0.004716840546368871
2025-12-26,0.0022300869676312673,243.9546166571349,0.0047789340327849235
2025-12-29,0.008497606102125077,244.61167279161694,0.004664103573964813
2025-12-30,0.009295962011911423,245.73968478198722,0.004661175193160106
2025-12-31,0.0057940173771547825,246.26552853864885,0.0046413169495378315
